@id,@lat,@lon,name,place,population,addr:district,addr:region
291766093,52.3147960,34.2080080,Негино,village,371,Суземский район,Брянская область
336140274,52.4797000,36.5992000,Каменка,village,,Малоархангельский район,Орловская область
336140275,52.4901920,38.0518910,Чернава,village,,Измалковский район,Липецкая область
336140278,52.4641030,34.8153989,Лопандино,village,1369,Комаричский район,Брянская область
336140282,52.4472213,36.7977608,Верхососенье Первая Середина,village,,,
336140283,52.4955000,34.6575400,Аркино,village,451,Комаричский район,Брянская область
336140285,52.4575610,38.2610440,Свишни,village,,Долгоруковский муниципальный округ,Липецкая область
336140288,52.4521000,37.7797000,Козьминка,village,,Ливенский район,Орловская область
336140292,52.4380024,37.4867954,Крутое,village,,Ливенский район,Орловская область
336140297,52.4141880,38.3226280,Стегаловка,village,,Долгоруковский муниципальный округ,Липецкая область
336140299,52.4314199,35.9855461,Воронец,village,,Троснянский район,Орловская область
336140300,52.3896333,37.3865728,Речица,village,,Ливенский район,Орловская область
336140302,52.3710123,37.4501358,Коротыш,village,,Ливенский район,Орловская область
336140303,52.3969000,37.7195000,Успенское,village,,Ливенский район,Орловская область
336140310,52.3610587,37.6955027,Сергиевское,village,,Ливенский район,Орловская область
336140313,52.3423000,36.6503000,Губкино,village,,Малоархангельский район,Орловская область
336140316,52.3790327,36.3320809,Бузулук,village,,Малоархангельский район,Орловская область
336140323,52.3377632,37.6137641,Троицкое,village,,Ливенский район,Орловская область
336140326,52.3397656,37.7789845,Жерино,village,,Ливенский район,Орловская область
336140333,52.2118450,37.9505420,Гатище,village,,,
336140334,52.3217170,34.8789724,Хлебтово,hamlet,143,Комаричский район,Брянская область
336140341,52.2871661,37.8086747,Свободная Дубрава,village,,Ливенский район,Орловская область
336140343,52.2926020,37.6750777,Никольское,village,,Ливенский район,Орловская область
336140344,52.2891547,36.4074354,Березовецкие Выселки,hamlet,,Поныровский район,Курская область
336140345,52.2827990,37.9520990,Навесное,village,,Ливенский район,Орловская область
336140348,52.2750020,38.1940920,Дубовец,village,500,Долгоруковский муниципальный округ,Липецкая область
336140350,52.2166980,35.8346330,Верхний Любаж,village,,Фатежский район,Курская область
336140351,52.1686109,37.6110903,Студёное,village,,,
336140352,52.1978143,36.2271659,Верхнесмородино,village,,,
336140354,52.1902549,36.0057276,Хмелевое,village,,Фатежский район,Курская область
336140360,52.2337230,35.3633690,Михайловка,village,,Железногорский район,Курская область
336140363,52.1198008,38.3338476,Солдатское,village,,Тербунский муниципальный округ,Липецкая область
336140364,52.0241890,36.7225990,Букреевка,hamlet,,,
336140366,52.1298218,37.6461098,Вышнее Ольшаное,village,,,
336140377,51.9761920,38.1150630,Набережное,village,,Воловский район,Липецкая область
336140380,52.1421390,38.4716570,Бурдино,village,,Тербунский муниципальный округ,Липецкая область
336140386,52.0315210,36.2632940,Фёдоровка,hamlet,,,
336140389,52.1148796,37.5131826,Никольское,village,,,Орловская область
336140394,51.9549600,36.7826350,Малая Алексеевка,hamlet,,,
336140403,52.0347930,37.0522085,Осиновка,hamlet,,,
336140408,52.0294190,38.1884770,Урицкое,village,,Тербунский муниципальный округ,Липецкая область
336140411,52.0212780,37.8127210,Воловчик,village,,Воловский район,Липецкая область
336140414,51.9347690,36.6125680,Сидоровка,village,,Щигровский район,Курская область
336140415,52.0283838,37.8790391,Волово,village,3734,Воловский район,Липецкая область
336140417,51.9467683,36.3705108,Будановка,village,,Золотухинский район,Курская область
336140422,51.9315687,35.3573537,Яцено,hamlet,82,Конышёвский район,Курская область
336140428,51.9757960,36.3032720,Свобода,village,,,
336140435,51.9277268,37.6626333,Нижнее Гурово,hamlet,,,
336140445,51.8688262,37.5521200,имени Ленина,village,,,
336140457,51.8815570,36.7332950,1-я Семеновка,village,,,
336140467,51.7740250,38.1609920,Олымский,village,2277,Касторенский район,Курская область
336140468,51.7728540,38.1159900,Новокасторное,village,1779,Касторенский район,Курская область
336140470,51.7616610,38.1799055,Котовка,village,,Касторенский район,Курская область
336140472,51.8146912,38.4969515,Старая Ведуга,village,,Семилукский район,Воронежская область
336140473,51.8170536,38.3245893,Долгуша,hamlet,,Касторенский район,Курская область
336140492,51.6792687,37.7923951,Верхняя Грайворонка,village,,,
336140498,51.6644100,36.1784060,Рышково,village,,Курский район,Курская область
336140520,51.5351026,36.1434076,1-е Панино,village,,,
336140522,51.6060750,34.9395640,Ивановское,village,2456,Рыльский район,Курская область
336140527,51.6134529,37.9202835,Ровное,hamlet,,,
336140553,51.6502484,38.3870356,Новая Ольшанка,village,,Нижнедевицкий район,Воронежская область
336140561,51.5657776,38.1859380,Кулевка,village,,Горшеченский район,Курская область
336140562,51.5351837,38.2140953,Ясенки,village,,Горшеченский район,Курская область
336140571,51.5877490,37.6112560,Верхние Апочки,village,,Советский район,Курская область
336140574,51.4268350,36.8789312,Субботино,village,,Солнцевский район,Курская область
336140585,51.4390404,35.1562164,Шептуховка,village,,Кореневский район,Курская область
336140609,51.4789003,37.8979348,Солдатское,village,,Горшеченский район,Курская область
336140612,51.3648956,37.9591157,Лапыгино,village,872,Старооскольский городской округ,Белгородская область
336140613,51.5137130,36.1821412,Амосовка,village,,Медвенский район,Курская область
336140616,51.3339810,35.5102690,Большое Солдатское,village,2681,Большесолдатский район,Курская область
336140618,51.3474465,36.0034364,Верхний Реутец,village,,Медвенский район,Курская область
336140620,51.3909956,37.9251026,Новокладовое,village,452,Старооскольский городской округ,Белгородская область
336140624,51.5066830,36.6573640,Шумаково,village,,Солнцевский район,Курская область
336140625,51.3864770,38.4705526,Синие Липяги,village,,Нижнедевицкий район,Воронежская область
336140628,51.4525030,37.1306990,Мантурово,village,,Мантуровский район,Курская область
336140632,51.3790869,38.2217684,Старомеловое,village,,Горшеченский район,Курская область
336140640,51.3980331,37.7348392,Бараново,village,,Горшеченский район,Курская область
336140643,51.4369758,35.4283295,Волоконск,village,,Большесолдатский район,Курская область
336140647,51.2870054,36.5320823,Пселец,village,,Пристенский район,Курская область
336140660,51.2873674,34.5506570,Веселое,village,,Глушковский район,Курская область
336140663,51.3109946,35.0269060,Любимовка,village,,,
336140674,51.3260299,34.6803174,Кобылки,village,,Глушковский район,Курская область
336140677,51.3294675,36.8565448,Ильинка,hamlet,,Пристенский район,Курская область
336140678,51.3151031,34.8960703,Снагость,village,,,
336140679,51.3027684,36.8397485,Сараевка,hamlet,,,
336140687,51.3466982,36.9363579,Сазановка,village,,Пристенский район,Курская область
336140692,51.2174105,36.5510853,Нагольное,village,,Пристенский район,Курская область
336140694,51.2109909,37.0753490,Уколово,village,509,Губкинский городской округ,Белгородская область
336140704,51.2258340,38.3750380,Роговатое,village,3001,Старооскольский городской округ,Белгородская область
336140705,51.2519069,38.0187027,Озерки,village,774,Старооскольский городской округ,Белгородская область
336140716,51.2577257,36.7759932,Колбасовка,hamlet,,Пристенский район,Курская область
336140718,51.2605051,38.1130561,Архангельское,village,963,Старооскольский городской округ,Белгородская область
336140719,51.2569155,36.3494326,Рудавец,village,,,
336140723,51.2919279,38.4080667,Острянка,village,,Нижнедевицкий район,Воронежская область
336140732,51.2943146,34.8601050,Апанасовка,hamlet,,,
336140825,51.2098450,35.7764706,Кривицкие Буды,village,,Беловский район,Курская область
337502593,52.1892400,34.0074960,Зарічне,village,273,,
337502692,52.1637380,34.0084530,Сорочине,village,82,,
337502697,52.1610180,34.0363310,Прогрес,village,225,,
337502795,52.1262874,34.0710892,Порохонь,village,225,,
337502822,52.1128080,34.0737760,Нововолодимирівка,village,55,,
337502859,52.1056758,34.0727277,Рожковичі,village,368,,
337503099,52.0460090,34.0730710,Об’єднане,hamlet,2,,
337503142,52.0414197,34.0919177,Микитське,hamlet,12,,
337503193,52.0298810,34.0047420,Чуйківка,village,894,,
337503351,52.0001070,34.0866320,Родіонівка,hamlet,24,,
337503406,51.9938320,34.1314320,Ломленка,hamlet,35,,
337503446,51.9829349,34.0477792,Руденка,village,86,,
337503602,51.9639590,34.0627710,Марчишина Буда,village,1161,,
337503643,51.9556222,34.1238788,Дем’янівка,hamlet,27,,
337503900,51.9246924,34.1854407,Баранівка,village,77,,
337503934,51.9134900,34.1427610,Веселий Гай,hamlet,7,,
337503993,51.9069710,34.2000890,Муравейня,hamlet,36,,
337504045,51.8966710,34.0263710,Гирине,village,128,,
337504064,51.8932300,34.1039580,Степанівка,hamlet,37,,
337504069,51.8922000,34.1949500,Фотовиж,village,291,,
337504089,51.8894620,34.0538410,Княжичі,village,477,,
337504230,51.8707200,34.1224100,Смикарівка,hamlet,34,,
337504245,51.8695410,34.1410410,Смолине,hamlet,38,,
337504364,51.8551220,34.0981290,Ходуня,hamlet,2,,
337504389,51.8485980,34.3611110,Сопич,village,764,,
337504411,51.8468820,34.2478220,Товстодубове,village,133,,
337504416,51.8464810,34.1333850,Пустогород,village,415,,
337504517,51.8427580,34.0239720,Масензівка,hamlet,45,,
337504567,51.8400190,34.0799290,Орлів Яр,isolated_dwelling,2,,
337504701,51.8228490,34.2488520,Мала Слобідка,hamlet,41,,
337504710,51.8218190,34.0239720,Янівка,village,635,,
337504725,51.8201100,34.4053990,Потапівка,hamlet,41,,
337504754,51.8139310,34.2292790,Вільна Слобода,village,443,,
337504804,51.8126950,34.0340690,Есмань,village,50,,
337504829,51.8022500,34.0064580,Янів Хутір,hamlet,46,,
337504853,51.7988200,34.3278080,Кореньок,village,316,,
337504899,51.7929800,34.1441310,Лужки,village,75,,
337504936,51.7861210,34.2536510,Суходіл,village,455,,
337504997,51.7782480,34.4134410,Бобилівка,hamlet,3,,
337505110,51.7589910,34.3010290,Уланове,village,820,,
337505119,51.7583960,34.4315680,Червона Зоря,hamlet,4,,
337505160,51.7555620,34.1997490,Тополя,hamlet,41,,
337505177,51.7497220,34.0037120,Вознесенське,hamlet,1,,
337505190,51.7480090,34.2584610,Яструбщина,village,307,,
337505305,51.7346190,34.1884190,Кучерівка,village,778,,
337505311,51.7339290,34.3415410,Біла Береза,hamlet,14,,
337505327,51.7311780,34.2103880,Вишеньки,hamlet,44,,
337505365,51.7244467,34.4201651,Сидорівка,hamlet,10,,
337505418,51.7198600,34.0071490,Москаленки,village,86,,
337505445,51.7181400,34.2972600,Комарівка,village,116,,
337505553,51.7040600,34.2406080,Харківка,village,56,,
337505568,51.7033810,34.0188220,Привілля,village,351,,
337505626,51.6923900,34.1259380,Студенок,village,903,,
337505739,51.6782436,34.0590870,Будівельне,village,319,,
337505862,51.6676710,34.0631100,Білокопитове,village,311,,
337506024,51.6559348,34.0266318,Заруцьке,village,129,,
337506072,51.6504670,34.0984460,Катеринівка,village,246,,
337506278,51.6278380,34.0569310,Соснівка,village,658,,
337506336,51.6209790,34.1468810,Старикове,village,280,,
337506370,51.6144600,34.0311810,Сваркове,village,933,,
337506669,51.5828700,34.0092090,Черневе,village,409,,
337507183,51.5373690,34.1752400,Гудове,village,54,,
337507244,51.5390820,34.1642680,Ємадичине,hamlet,25,,
337507262,51.5282780,34.2234380,Ходине,village,394,,
337507392,51.5200390,34.2598300,Вовківка,village,104,,
337507504,51.5068970,34.1715890,Мишутине,village,86,,
337507652,51.4994470,34.0218350,Веселе,village,543,,
337507701,51.4894910,34.2316820,Малушине,village,150,,
337507738,51.4850200,34.0909190,Рев’якине,village,406,,
337507859,51.4716300,34.2062680,Козаче,village,304,,
337507944,51.4606463,34.1620100,Сімейчине,village,80,,
337508206,51.4348980,34.1358910,Уцькове,village,82,,
337508226,51.4300920,34.1036190,Мачулища,village,302,,
337508252,51.4280280,34.0552100,Вощинине,village,63,,
337508327,51.4191020,34.0023380,Руднєве,village,768,,
337508476,51.4077680,34.2024990,Бруски,village,194,,
337508676,51.3933450,34.1493300,Бувалине,hamlet,23,,
337508738,51.3878590,34.0236280,Воронівка,village,117,,
337508916,51.3749282,34.1321250,Нова Слобода,village,1568,,
337508944,51.3731000,34.1935690,Свобода,hamlet,23,,
337508983,51.3680340,34.3044930,Гірки,village,142,,
337509013,51.3665810,34.2292790,Бунячине,village,587,,
337509463,51.3260610,34.0548710,Линове,village,698,,
337509492,51.3236620,34.1774410,Партизанське,village,10,,
337509581,51.3143880,34.2169190,Рівне,village,129,,
337509598,51.3111812,34.2442994,Дорошівка,hamlet,8,,
337509729,51.3003080,34.2031780,Кружок,village,60,,
337509808,51.2903590,34.0919490,Юрієве,village,584,,
337509979,51.2755360,34.0064620,Волинцівське,village,20,,
337510017,51.2697600,34.2100490,Бояро-Лежачі,village,459,,
337510082,51.2642710,34.3930400,Безсалівка,village,91,,
337510132,51.2601510,34.1056790,Іванівка,village,167,,
337510183,51.2563170,34.4520110,Рогізне,hamlet,27,,
337510188,51.2583050,34.0323600,Волинцеве,village,308,,
337510209,51.2522510,34.1575200,Манухівка,village,420,,
337510217,51.2518920,34.4286513,Нескучне,hamlet,16,,
337510238,51.2535571,34.2444244,Рижівка,village,857,,
337510396,51.2390814,34.4592809,Волфине,village,317,,
337510427,51.2368010,34.5956000,Макіївка,hamlet,20,,
337510440,51.2310551,34.2763356,Атинське,village,149,,
337510450,51.2394221,34.3759417,Іскрисківщина,village,646,,
337510452,51.2354320,34.0119510,Козлівка,village,52,,
337510506,51.2308184,34.3026385,Голишівське,village,11,,
337510508,51.2343624,34.3338341,Будки,village,62,,
337510518,51.2254710,34.4682310,Шпиль,village,69,,
337510559,51.2223700,35.1058390,Новеньке,village,,,
337510561,51.2223820,34.1657600,Нові Вирки,village,439,,
337510568,51.2245590,34.5162883,Павлівка,village,1231,,
337510572,51.2216910,34.2210390,Старі Вирки,village,198,,
337510574,51.2096718,34.2892101,Стукалівка,village,5,,
337510591,51.2196310,34.0758090,Піски,village,1191,,
337510613,51.2157944,34.3725982,Соляники,village,92,,
337510617,51.2162900,34.9859310,Журавка,village,158,,
337510645,51.2127946,34.5631202,Катеринівка,village,117,,
337510667,51.2254604,34.6257695,Ободи,village,622,,
337510692,51.2081976,34.4248218,Кисла Дубина,village,75,,
337510729,51.2073898,34.6470162,Дігтярне,hamlet,19,,
337510751,51.2000620,34.9375500,Веселівка,village,67,,
356483077,52.3775002,34.3656394,Селечня,village,584,Суземский район,Брянская область
356483125,51.6226868,34.3585397,Крупец,village,,Рыльский район,Курская область
356483130,51.3347020,34.3810390,Коровяковка,village,638,Глушковский район,Курская область
360029526,51.4143341,36.2550465,Буды,hamlet,,Медвенский район,Курская область
367882559,51.2675433,37.9239809,Незнамово,village,1430,Старооскольский городской округ,Белгородская область
367882564,51.2250678,38.0091942,Черниково,hamlet,245,Старооскольский городской округ,Белгородская область
367882568,51.2096086,37.9871478,Выползово,hamlet,147,Старооскольский городской округ,Белгородская область
367886338,51.2045214,37.8524850,Нижнеатаманское,hamlet,156,Старооскольский городской округ,Белгородская область
367891269,51.2241264,37.8640279,Сорокино,village,582,Старооскольский городской округ,Белгородская область
367893882,51.2584423,37.8778016,Анпиловка,hamlet,232,Старооскольский городской округ,Белгородская область
367896641,51.2207116,37.7328873,Верхне-Чуфичево,hamlet,183,Старооскольский городской округ,Белгородская область
367896648,51.2145777,37.7131332,Котеневка,hamlet,200,Старооскольский городской округ,Белгородская область
367900755,51.2959846,37.7414643,Новоселовка,hamlet,241,Старооскольский городской округ,Белгородская область
367900763,51.3044626,37.7119794,Песчанка,village,2149,Старооскольский городской округ,Белгородская область
367905432,51.3530208,37.8247690,Каплино,village,1229,Старооскольский городской округ,Белгородская область
367905433,51.3510693,37.8004469,Федосеевка,village,2766,Старооскольский городской округ,Белгородская область
368181938,51.2865256,37.9441920,Воротниково,village,254,Старооскольский городской округ,Белгородская область
368183999,51.3052945,37.9727985,Ильины,hamlet,90,Старооскольский городской округ,Белгородская область
383335265,51.8981275,34.5087345,Калиновка,village,,Хомутовский район,Курская область
383335459,51.6945341,34.8433413,Капыстичи,hamlet,,Рыльский район,Курская область
383335466,51.7473084,34.9119848,Луговое,hamlet,,Хомутовский район,Курская область
383335475,51.8380555,34.6076145,Ольховка,village,,Хомутовский район,Курская область
383352767,51.3474795,34.7260785,Кекино,hamlet,,Глушковский район,Курская область
383729573,52.3028328,35.8242952,Свапские Дворы,village,,Троснянский район,Орловская область
383729574,52.0020610,35.9246280,Умские Дворы,hamlet,,Фатежский район,Курская область
383729575,51.9637990,35.9644090,Большое Жирово,village,,Фатежский район,Курская область
383744387,51.5777397,36.0787240,Селиховы Дворы,village,,Курский район,Курская область
383791132,51.3679333,36.1935050,Паники,village,,Медвенский район,Курская область
392536013,52.3848720,35.3530580,Долбенкино,village,,Дмитровский район,Орловская область
392536693,52.2648580,35.2260670,Клишино,village,318,Железногорский район,Курская область
392538967,52.4011459,35.4920648,Волково,village,170,Железногорский район,Курская область
392539652,52.4337010,35.5538670,Магнитный,village,1756,Железногорский район,Курская область
397492432,51.8977629,36.2605951,Никольское,hamlet,,,
408195717,51.4662402,36.0967101,Соломыковские Дворы,hamlet,55,,
408195719,51.4836407,36.0689460,Высоконские Дворы,village,,Медвенский район,Курская область
408195721,51.8466712,36.0942472,Верхняя Медведица,village,,Курский район,Курская область
408195723,51.8925122,36.0349037,Курица,hamlet,135,Курский район,Курская область
416608495,51.5639454,34.9872840,Учительский,village,,,
416610375,51.5790980,34.8806840,Степановка,village,,,
416782490,51.5817360,34.8074557,Октябрьское,hamlet,,,
416782584,51.5877091,34.9367167,Марьино,village,,,
416782655,51.5877091,34.9638392,Барашек,hamlet,,,
416782801,51.5844026,34.9284770,Зелёный Гай,hamlet,,,
416782816,51.5668526,35.1273686,Колонтаевка,village,,Льговский район,Курская область
416782837,51.5757621,35.0977351,Износково,hamlet,,,
416784167,51.4951443,34.8115756,Пушкарное,village,,,
416784220,51.4922526,34.7941450,Жадино,village,,,
417325522,51.3804627,34.7125245,Нижний Мордок,village,,Глушковский район,Курская область
417349623,51.6588862,34.6762781,Кострова,hamlet,,Рыльский район,Курская область
417349630,51.6924598,34.7343747,Тураево,hamlet,,Рыльский район,Курская область
417349639,51.6884096,34.6925818,Кленная,hamlet,,Рыльский район,Курская область
417349649,51.7270676,34.6763996,Верхний Воронок,hamlet,,,
417349657,51.7541706,34.7020602,Большая Алешня,hamlet,,Хомутовский район,Курская область
417349667,51.7505037,34.6056490,Надейка,hamlet,,,
417349682,51.8008556,34.6249073,Красная Поляна,hamlet,,,
417349810,51.8583061,34.5899146,Михалевка,hamlet,,Хомутовский район,Курская область
417359193,51.8313173,34.7215478,Поды,village,,Хомутовский район,Курская область
417359201,51.8594796,34.5539469,Жеденовка,hamlet,,Хомутовский район,Курская область
417391742,51.9662735,34.6274982,Романово,village,,Хомутовский район,Курская область
417391746,52.0122514,34.5865638,Старшее,hamlet,,Хомутовский район,Курская область
417396026,51.9854776,34.6955708,Веть,hamlet,,Хомутовский район,Курская область
417396121,52.0208579,34.7463012,Селино,hamlet,,Дмитриевский район,Курская область
417396216,52.0587131,34.8935590,Фатеевка,hamlet,,Дмитриевский район,Курская область
417401254,52.1321981,34.9284617,Меловое,hamlet,,Дмитриевский район,Курская область
417692859,52.4424086,35.6585310,Ильино-Нагорное,hamlet,,Троснянский район,Орловская область
418170356,51.3465640,34.8152755,Краснооктябрьское,hamlet,,,
418170360,51.3231235,34.7917374,Комаровка,village,,,
418174658,51.4312441,34.8204667,Ишутино,hamlet,,Рыльский район,Курская область
418174659,51.4492098,34.7943371,Артюшково,hamlet,,Рыльский район,Курская область
418174690,51.4989488,34.7586155,Кукарековка,hamlet,,,
418174707,51.4934744,34.7079641,Семеново,village,,Рыльский район,Курская область
418174708,51.5005351,34.6926658,Малонизовцево,hamlet,,,
418174709,51.5134014,34.6671687,Романово,hamlet,,,
418178088,51.7054140,34.9001350,Бупел,hamlet,,Хомутовский район,Курская область
418180529,51.3672708,34.7842062,Юрасово,hamlet,,,
419875339,51.9056054,36.3115619,Жерновец,village,,,
419875340,51.9239469,36.3070079,Тазово,village,,Золотухинский район,Курская область
419875344,51.8811080,36.3167403,Малахово,hamlet,,,
419875352,51.8420070,36.2479360,Букреевка,village,,,
419875355,51.8219910,36.2564580,Каменево,village,,,
419875356,51.8099334,36.2752279,Камыши,village,,Курский район,Курская область
419875358,51.7865971,36.2272060,Щетинка,village,,Курский район,Курская область
419875373,51.7694464,36.2627674,Юбилейный,village,,Курский район,Курская область
419875374,51.8000767,36.2985375,Муравлево,hamlet,,,
419875475,51.6817756,36.3920095,Малая Шумаковка,hamlet,,,
419875476,51.6110955,36.5006578,Полевая,village,,Курский район,Курская область
419875572,51.6283077,36.5287674,Барышниково,hamlet,,Курский район,Курская область
419875573,51.6336572,36.5074722,Еремино,hamlet,,Курский район,Курская область
419875577,51.7077251,36.4786608,Беседино,village,,Курский район,Курская область
419875578,51.7216953,36.4567343,1-е Красниково,hamlet,,,
419875610,51.7122120,36.3618790,Клюква,village,,Курский район,Курская область
419878208,51.9501327,36.3058152,Долгое,hamlet,,,
419878215,51.9849453,36.2422123,Кононыхино,hamlet,,,
420038701,51.5792265,34.9837414,Мухин Пруд,hamlet,,Рыльский район,Курская область
420039068,51.6137770,34.8362850,Мазеповка,hamlet,,Рыльский район,Курская область
420452020,51.6406218,35.3210895,Сугрово,village,,Льговский район,Курская область
420673791,51.7399983,35.6541538,Косой Хутор,hamlet,,Курчатовский район,Курская область
420674470,51.7048773,35.7572638,Сорокина,hamlet,,Октябрьский район,Курская область
422261652,51.6947472,35.6712393,Мосолово,village,,Курчатовский район,Курская область
422261656,51.6903880,35.8021861,Авдеева,hamlet,,Октябрьский район,Курская область
422261662,51.7554044,35.8643596,Старково,village,,Октябрьский район,Курская область
422261663,51.6708368,35.8248901,Липина,hamlet,,,
422261665,51.7506551,35.9804038,Полянское,village,,Курский район,Курская область
422261667,51.6641497,35.7290015,Дичня,village,2370,Курчатовский район,Курская область
423881206,51.6351881,35.0499164,Густомой,village,,Льговский район,Курская область
424288755,51.5682162,35.7593858,Артюховка,village,,Октябрьский район,Курская область
424379313,51.6977762,35.0593137,Банищи,village,,Льговский район,Курская область
435117577,51.7114481,35.9803289,Жеребцово,hamlet,,Курский район,Курская область
445359610,52.4954430,35.7575316,Нижнее Муханово,village,,Троснянский район,Орловская область
445374250,52.2305572,35.2015104,Полозовка,hamlet,,Дмитриевский район,Курская область
445390950,51.3773990,34.5490110,Званное,village,1838,Глушковский район,Курская область
445390954,51.3758162,34.4469662,Карыж,village,,Глушковский район,Курская область
446098438,51.3175196,36.1833628,Дрозды,hamlet,,Обоянский район,Курская область
446105053,52.2662073,35.8193742,Дворики,hamlet,,,
446105059,52.2929794,35.8239108,Сергеевка,hamlet,,,
470272886,51.4868333,34.6189607,Большенизовцево,hamlet,,,
470272889,51.4347645,34.6238280,Сухая,hamlet,,Рыльский район,Курская область
496120265,51.3146180,37.6936482,Николаевка,hamlet,176,Старооскольский городской округ,Белгородская область
509892278,51.9678150,38.4101188,Троицкое,village,,Семилукский район,Воронежская область
520670594,52.3602763,36.1996049,Александровка,hamlet,,Глазуновский район,Орловская область
520670597,52.3980637,36.2228828,Архангельское,village,,Глазуновский район,Орловская область
520670599,52.4157275,36.2717674,Ильинское,hamlet,,Глазуновский район,Орловская область
532131239,51.6345339,35.1248360,Новый Мир,hamlet,,Льговский район,Курская область
569621605,51.3187342,34.7092361,Серповка,hamlet,,Глушковский район,Курская область
671426891,52.2885686,34.6476060,Избичня,hamlet,182,,
671427978,52.2930385,34.7278617,Усожа,village,318,Комаричский район,Брянская область
671428326,52.3127450,34.7078639,Добричек,hamlet,,,
671429379,52.3069268,34.8129326,Литиж,village,258,,
671430968,52.3650122,34.8209166,Дерюгина,village,142,,
671431561,52.3629814,34.8741178,Владимировка,village,290,,
671431653,52.3410355,34.9150422,Кузнецовка,hamlet,,,
671432705,52.3984184,34.7535372,Пигарево,hamlet,246,,
671432780,52.4250195,34.7260600,Заречная,hamlet,187,,
671452466,52.3702934,34.6462516,Апажа,village,196,,
694290615,52.2314014,34.1812163,Алешковичи,village,402,Суземский район,Брянская область
694292083,52.2723796,34.1721790,Шилинка,hamlet,105,Суземский район,Брянская область
694364190,52.2465320,34.1962117,Щепетлева,village,125,Суземский район,Брянская область
694455804,52.4125612,34.0365016,Денисовка,village,,Суземский район,Брянская область
695113790,52.3385660,34.2500460,Подгородняя Слободка,hamlet,,Суземский район,Брянская область
696435821,52.2464442,34.4189249,Чемлыж,village,336,Севский район,Брянская область
696435824,52.2142064,34.4320797,Княгинино,village,410,Севский район,Брянская область
696435828,52.2969051,34.3857311,Семёновск,village,270,Суземский район,Брянская область
696435831,52.2623020,34.3524590,Добрунь,village,82,Севский район,Брянская область
696435834,52.3018953,34.2840706,Невдольск,village,276,Суземский район,Брянская область
696700956,52.4307100,34.1480520,Нерусса,village,170,Суземский район,Брянская область
696700964,52.3848690,34.1184810,Нерусса,hamlet,,Суземский район,Брянская область
696700969,52.4491522,34.1090406,Берёзовка,village,,Суземский район,Брянская область
696700977,52.3930193,34.0963514,Челюскин,hamlet,,Суземский район,Брянская область
703123037,51.2047673,37.4787986,Сергиевка,village,1002,Губкинский городской округ,Белгородская область
703123040,51.2916594,37.4492151,Аверино,village,800,Губкинский городской округ,Белгородская область
713354667,52.3854427,34.4460177,Игрицкое,village,350,Комаричский район,Брянская область
713355060,52.3781080,34.4928812,Ольгино,village,,Комаричский район,Брянская область
713508863,52.4516564,34.0258504,Красная Слобода,village,,Суземский район,Брянская область
713512780,52.4956088,34.1722583,Теребушка,hamlet,,Суземский район,Брянская область
713513418,52.4660921,34.1360905,Стуженка,hamlet,,Суземский район,Брянская область
718395078,51.8229560,36.3495876,Ноздрачево,village,,Курский район,Курская область
734227177,52.2444567,34.2968745,Заулье,village,322,Севский район,Брянская область
736602323,52.1947448,34.4759939,Заречный,hamlet,384,Севский район,Брянская область
736602373,52.2234968,34.5686958,Шведчики,village,346,Севский район,Брянская область
736602407,52.1948934,34.4823335,Пенькозавод,hamlet,,Севский район,Брянская область
736602416,52.1781435,34.4824788,Стрелецкая Слобода,village,343,Севский район,Брянская область
736602426,52.2056377,34.4974341,Новоямское,village,591,Севский район,Брянская область
736661419,51.9732077,35.9411968,Майский,hamlet,,Фатежский район,Курская область
736661514,52.1549701,35.8609639,Ржава,village,,,
736661585,52.0517850,35.8480720,Миролюбово,village,,Фатежский район,Курская область
736661595,51.9218146,36.0379213,2-е Шемякино,hamlet,140,,
736661642,52.1295123,35.8479900,Чермошной,village,,Фатежский район,Курская область
736661680,51.9705134,35.9032103,Томилин Колодезь,hamlet,,,
736689349,51.8414542,36.1269768,Хмелевая,hamlet,,Курский район,Курская область
736689365,51.8157096,36.1385730,Татаренкова,village,492,Курский район,Курская область
736689396,51.8583473,36.0780985,2-я Нижняя Медведица,hamlet,,,
736689448,51.8676665,36.0712329,Нижняя Медведица,hamlet,,Курский район,Курская область
736689465,51.8019975,36.1344618,Касиновский,village,,,
736950194,51.9703140,38.3360503,Берёзовка,village,,Семилукский район,Воронежская область
736963690,52.0165060,38.3072130,Берёзовка,village,,Тербунский муниципальный округ,Липецкая область
736963711,52.0667646,38.2747672,Ивановка,hamlet,,Тербунский муниципальный округ,Липецкая область
736964516,51.9354011,38.2970832,Семеновский,hamlet,,,Курская область
736967969,51.9073202,38.2158359,Цветочный,hamlet,,Касторенский район,Курская область
748735058,52.1685070,35.4538040,Рышково,village,,Железногорский район,Курская область
750878632,52.1886881,34.1896885,Полевые Новосёлки,village,191,Суземский район,Брянская область
750878676,52.1487146,34.1453449,Страчёво,village,238,Суземский район,Брянская область
750878701,52.0539250,34.1492000,Подывотье,village,479,Севский район,Брянская область
750878730,52.1058036,34.1307452,Грудская,hamlet,,Севский район,Брянская область
750878747,52.0753356,34.1921678,Саранчино,village,46,Севский район,Брянская область
750878821,52.1946782,34.0909607,Зёрново,village,391,Суземский район,Брянская область
750878841,52.2046200,34.2135660,Павловичи,village,191,Суземский район,Брянская область
752294825,52.1692811,34.1971158,Торлопово,hamlet,,Суземский район,Брянская область
752294830,52.1371963,34.1869419,Филиппово,hamlet,,Суземский район,Брянская область
752294862,52.3638146,34.2725372,Теребиково,hamlet,,Суземский район,Брянская область
761019084,52.4253050,34.6726953,Быхово,village,199,,
762078392,52.1536119,34.4233760,Марицкий Хутор,village,216,,
762078393,52.1841422,34.3076247,Бересток,village,248,,
762078394,52.1567767,34.3417596,Пушкино,village,220,,
762081802,52.2155333,34.3634783,Борисовский,hamlet,,,
762081803,52.1829213,34.3610114,Борисово,hamlet,,,
768464357,51.9425824,34.4709704,Таборище,hamlet,,Хомутовский район,Курская область
768464365,51.9360760,34.4314086,Дегтярка,hamlet,,Хомутовский район,Курская область
768464373,51.9245333,34.4580760,Колячек,hamlet,,Хомутовский район,Курская область
768464383,52.0868715,34.2400661,Подлесные Новосёлки,village,202,Севский район,Брянская область
768464390,52.0973253,34.3476272,Первомайское,hamlet,300,Севский район,Брянская область
768464416,51.9801975,34.3752054,Поздняшовка,hamlet,187,Севский район,Брянская область
768464437,51.9964627,34.3645206,Воскресеновка,hamlet,,Севский район,Брянская область
768464443,52.0093819,34.4152895,Курганка,hamlet,,Севский район,Брянская область
768464446,52.0248417,34.4090653,Витичь,hamlet,,Севский район,Брянская область
768464450,51.9617272,34.4303064,Сальное,village,,Хомутовский район,Курская область
768464472,51.9948257,34.2287609,Рабочий,hamlet,226,Севский район,Брянская область
768464483,51.9790575,34.2800513,Хвощовка,hamlet,,Севский район,Брянская область
768464489,51.9282251,34.2666843,Лемешовка,hamlet,217,,
768464496,51.9748546,34.2177545,Хинель,hamlet,182,Севский район,Брянская область
853645424,51.6514874,36.8390282,Вольная Заря,hamlet,,,Курская область
853645438,51.6734770,36.6488190,Дубовец,hamlet,,,
853645553,51.6714250,36.6735760,Мещерские Дворы,hamlet,,,
853645648,51.6510183,36.7973600,Никольское,hamlet,,Солнцевский район,Курская область
853655686,51.6546480,36.9201050,Кабицы,hamlet,2,Тимский район,Курская область
853711405,51.5334414,37.2335397,Куськино,village,,,
853721883,51.7275236,36.3182631,Подлесный,village,,,
875617730,52.4793546,34.2448279,Гаврилова Гута,hamlet,,Суземский район,Брянская область
878448618,52.2820510,34.3426210,Добрунь,village,,Суземский район,Брянская область
944850460,51.7009238,35.1959468,Сергеевка,hamlet,,Льговский район,Курская область
944850461,51.6911689,35.2252483,Воронино,village,,Льговский район,Курская область
951328726,51.6487222,35.8974597,Дьяконово,village,,Октябрьский район,Курская область
963197034,52.2949800,37.6864350,Зареченский,hamlet,,Ливенский район,Орловская область
963197037,52.2146405,37.7008047,Ивановка,village,,,Орловская область
963197038,52.3187225,37.6660660,Горюшкино,village,,,Орловская область
963197040,52.2827513,37.6755596,Красный,hamlet,,Ливенский район,Орловская область
979438302,51.6125515,37.5386983,Ефросимовка,village,,,
980611608,52.4725807,36.4153074,Трубицино,hamlet,,Глазуновский район,Орловская область
980611653,52.4852553,36.4325128,Красная Слободка,village,,Глазуновский район,Орловская область
980611815,52.4615544,36.4036230,Сабурово,hamlet,,Глазуновский район,Орловская область
980611875,52.4591052,36.3947345,Щербатово,hamlet,,Глазуновский район,Орловская область
981229840,51.4055667,38.1359284,Болото,village,,,
981236751,51.3265327,38.0011535,Чумаки,hamlet,37,Старооскольский городской округ,Белгородская область
981932921,51.6190454,35.4005786,Малые Угоны,hamlet,,,
981933047,51.5920929,35.4128699,Большие Угоны,village,,,
982880060,51.6799893,35.1458394,Фитиж,village,,,
986897289,51.5835340,34.6882400,Пригородняя Слободка,village,422,Рыльский район,Курская область
988550696,51.6145163,35.5387203,Чапли,village,,,
988558790,51.5655453,35.9465762,Журавлино,village,,,
988558798,51.5672232,35.9303940,Лобазовка,hamlet,,,
999466664,51.6565203,35.9985542,Ройково,village,,,
999466680,51.6528604,36.0040935,Анахина,village,,,
999466694,51.6505632,35.9842308,Черницыно,village,,,
1021382423,52.0099956,36.2700892,2-я Сухая Неполка,hamlet,,,
1033864467,51.4128462,34.5300521,Лещиновка,village,,,
1033864793,51.3992381,34.5633567,Будки,hamlet,,,
1034063097,51.4118116,34.3948414,Марково,village,,,
1034063530,51.4023551,34.4434465,Самарка,hamlet,,,
1034395781,52.4670204,36.1823567,Каменка,hamlet,,Глазуновский район,Орловская область
1034395786,52.4404381,36.3539665,Александровка,hamlet,,Глазуновский район,Орловская область
1034395835,52.4848630,36.1669200,Гремячево,village,,Глазуновский район,Орловская область
1034395855,52.4981104,36.2203069,Глебовский,hamlet,,Глазуновский район,Орловская область
1034412966,52.4338448,36.2804736,Садовый,hamlet,,Глазуновский район,Орловская область
1034412988,52.4214933,36.3228651,Хитрово,hamlet,,Глазуновский район,Орловская область
1034438639,52.4377009,36.1822968,Чермошное,hamlet,,Глазуновский район,Орловская область
1034438642,52.3814850,36.2646571,Очки,hamlet,,Глазуновский район,Орловская область
1034438646,52.4571840,36.0627400,Захаровка,hamlet,,Глазуновский район,Орловская область
1034438649,52.4458160,36.2162480,Малые Бобрики,hamlet,,Глазуновский район,Орловская область
1034438651,52.4402433,36.0809847,Весёлый,hamlet,,Глазуновский район,Орловская область
1034438656,52.3619231,36.1669434,Степная,hamlet,,Глазуновский район,Орловская область
1034438659,52.4191890,36.1582904,Сеньково,village,,Глазуновский район,Орловская область
1034438663,52.3699981,36.1633924,Подлесная,hamlet,,Глазуновский район,Орловская область
1034438667,52.4916424,36.0712705,Голенищево,hamlet,,Глазуновский район,Орловская область
1034438668,52.3855708,36.2434735,Никольское,hamlet,,Глазуновский район,Орловская область
1034438669,52.4284730,36.0973112,Тагинский,hamlet,,Глазуновский район,Орловская область
1034438671,52.4776205,36.2039508,Глебово,hamlet,,Глазуновский район,Орловская область
1034438673,52.4412386,36.2067391,Прозоровский,hamlet,,Глазуновский район,Орловская область
1034438679,52.3907770,36.1455150,Новый Хутор,hamlet,,Глазуновский район,Орловская область
1037339614,51.3894244,34.3426222,Алексеевка,village,,,
1037634491,51.5034766,34.5344984,Дурово,village,,Рыльский район,Курская область
1037634505,51.4412520,34.4434451,Ломакино,hamlet,,,
1037634506,51.5174140,34.5673657,Казачья Каменка,hamlet,,,
1037634517,51.5176649,34.5314484,Павловка,hamlet,,,
1037634534,51.4473619,34.4697521,Свобода,hamlet,,,
1037654259,51.2822758,34.4215424,Волфинский,hamlet,,,
1041754580,51.2398495,35.5392524,Козыревка,hamlet,,,
1041754700,51.2372534,35.5493294,Саморядово,village,,,
1041755244,51.2004549,35.6351630,Знаменское,hamlet,,,
1059959396,52.4175401,36.0573419,Тагино,village,,Глазуновский район,Орловская область
1059959568,52.3604657,36.0652938,Подолянь,hamlet,,Глазуновский район,Орловская область
1059959656,52.4574375,36.1281822,Золотая Поляна,hamlet,,Глазуновский район,Орловская область
1059968039,52.4337258,36.2114043,Тряс,hamlet,,Глазуновский район,Орловская область
1059995311,52.3384761,36.1923253,Дружевец,hamlet,,Глазуновский район,Орловская область
1059995339,52.4320100,36.2325914,Красная Горка,hamlet,,Глазуновский район,Орловская область
1059995517,52.3869546,36.3038087,Соревнование,hamlet,,Глазуновский район,Орловская область
1069065472,51.3623350,37.4993130,Троицкий,village,6214,Губкинский городской округ,Белгородская область
1083408672,51.6841131,38.3268246,Нижнедевицк,village,5839,Нижнедевицкий район,Воронежская область
1083408731,51.4215390,38.3189540,"совхоза ""Кучугуровский""",village,,Нижнедевицкий район,Воронежская область
1083408780,51.5728327,38.3701008,Лог,village,,Нижнедевицкий район,Воронежская область
1083408795,51.4263981,38.4026838,Сычёвка,hamlet,,Нижнедевицкий район,Воронежская область
1083408946,51.4917458,38.3830833,Першино,village,,Нижнедевицкий район,Воронежская область
1083409274,51.4138260,38.3416678,Хвощеватовка,hamlet,,Нижнедевицкий район,Воронежская область
1083409332,51.4108229,38.4038356,Моховой,hamlet,,Нижнедевицкий район,Воронежская область
1083409639,51.5985028,38.3009879,Кучугуры,village,,Нижнедевицкий район,Воронежская область
1083409691,51.5631330,38.4696554,Вязноватовка,village,,,
1102005381,51.2489232,35.1145252,Свердликово,village,,,
1102005940,51.2595564,35.0262367,Дарьино,hamlet,,,
1102006036,51.2431589,34.9997100,Николаево-Дарьино,hamlet,,,
1102007076,51.2589842,35.1769045,Лебедевка,village,,,
1102034077,51.3181509,35.1401477,Леонидово,hamlet,,,
1102034134,51.3231908,35.1014716,Новоивановка,village,,,
1102034232,51.3234022,35.2141204,Викторовка,hamlet,,,
1102034251,51.3125961,35.1485413,Александрия,hamlet,,,
1102034276,51.3418238,35.2204556,Старая Сорочина,hamlet,,,
1102034285,51.3329763,35.2120741,Николаевка,hamlet,,,
1102034330,51.3297646,35.2326690,Малая Локня,village,799,,
1102050886,51.4025508,35.0157965,Ольговка,village,,,
1102050917,51.4888814,35.2769721,Кромские Быки,village,,,
1102050961,51.4694841,35.2148721,Алексеевский,hamlet,,,
1102051062,51.4697785,35.1970240,Каучук,village,610,,
1102051301,51.3935239,35.0829166,Кремяное,village,,,
1102074902,51.4532328,34.9021840,Толпино,village,,,
1102074978,51.4600541,34.9244093,Гавриловка,hamlet,,,
1102075067,51.4331388,34.8749058,Колычевка,hamlet,,,
1102110926,51.8569872,34.5098095,Жедёновский,hamlet,,Хомутовский район,Курская область
1102111008,51.7920446,34.5189865,Амонь,hamlet,,,Курская область
1102111057,51.8100917,34.5407661,Родионовка,hamlet,,,Курская область
1103286539,51.8854337,34.7763670,Малеевка,hamlet,,Хомутовский район,Курская область
1103286745,51.9303879,34.6885224,Гламаздино,village,,Хомутовский район,Курская область
1103339133,51.9579881,35.0650740,Макаро-Петровское,hamlet,,Конышёвский район,Курская область
1103373682,51.9255411,35.1124525,Васильевка,hamlet,,Конышёвский район,Курская область
1103373692,51.9391974,35.1695045,Наумовка,village,,Конышёвский район,Курская область
1103373708,51.9767295,35.0159654,Белые Берега,hamlet,,Конышёвский район,Курская область
1103373737,51.9342998,35.1448144,Никифоровка,hamlet,,Конышёвский район,Курская область
1108481774,52.3453450,38.0792730,Весёлая,village,,,
1111112704,52.3106690,38.0508960,Николаевка,hamlet,,,
1111112705,52.3591540,38.0809560,Белый Конь,hamlet,,,
1119132819,52.4732744,37.0754248,Малиновка,hamlet,,Покровский район,Орловская область
1119132869,52.4846800,37.1213070,Сетенёво,hamlet,,Покровский район,Орловская область
1119133073,52.4906120,37.0758130,Дросково,village,,Покровский район,Орловская область
1120437039,51.3192865,34.8537149,Вишнёвка,hamlet,,,
1123523660,51.7480700,36.3433230,Халино,village,,,
1139489683,51.3829539,35.3582291,Леонтьевка,hamlet,,,
1139489937,51.3655792,35.3634165,Зелёный,hamlet,,,
1139490069,51.3852965,35.3417452,Киреевка,hamlet,,,
1139490078,51.3765705,35.3533409,Бахтинка,hamlet,,,
1147243495,51.2226085,37.1799331,Кретов-Второй,hamlet,12,Губкинский городской округ,Белгородская область
1147243502,51.2001460,37.1775400,Никаноровка,village,1012,Губкинский городской округ,Белгородская область
1147243543,51.2852411,37.1664790,Архангельское,village,1022,Губкинский городской округ,Белгородская область
1151301928,51.8525125,38.3260749,Мелавка,hamlet,,Касторенский район,Курская область
1152970905,51.6268936,36.1275443,Кукуевка,village,,,
1152971385,51.6315390,36.1011900,1-е Цветово,village,,,
1156269934,52.4926990,38.2929190,Глушица,hamlet,,,
1156269955,52.4501000,38.4472000,Нетсево,hamlet,,,
1156269960,52.4685970,38.3681530,Паниковец,hamlet,,,
1156269970,52.4991000,38.3657990,Приречье,hamlet,,,
1156269980,52.4533000,38.4907000,Петровские Круги,hamlet,,,
1156269985,52.4338000,38.4774000,Васильевка,hamlet,,,
1156671802,51.6028911,36.2560499,Черёмушки,village,,,
1156673008,51.5793063,36.2214252,Петрин,village,,,
1156673144,51.5818547,36.2289705,Хвощин,hamlet,,,
1160810862,52.3886745,36.0902617,Ясная Поляна,hamlet,,Глазуновский район,Орловская область
1164445604,52.4245790,36.5021755,Зелёная Роща,village,,Малоархангельский район,Орловская область
1169452814,51.7470719,35.0619026,Серебряный,hamlet,,,
1169452832,51.7181633,35.0360524,Пристень,hamlet,,,
1177734170,51.7249393,35.1845270,Кудинцево,village,,Льговский район,Курская область
1179909627,51.9749282,36.3303280,Подазовка,hamlet,,,
1189879984,51.8061875,35.2355910,Заветенский,hamlet,,Конышёвский район,Курская область
1189960165,51.8393534,35.0952945,Кашара,village,,Конышёвский район,Курская область
1189960341,51.8398312,35.1457813,Красная Слобода,hamlet,,Конышёвский район,Курская область
1209190957,51.7379729,34.9548246,Жилище,hamlet,,,
1209190960,51.7277383,34.9817640,2-й Зябкин,hamlet,,,
1209190963,51.7317878,34.9730990,1-й Зябкин,hamlet,,,
1209637616,52.1528970,38.1099430,Борки,village,549,,
1214933680,51.4523103,36.1859683,Чермошное,village,,,
1214934211,51.4312464,36.2483631,Рождественское,hamlet,,,
1218743524,51.8452042,35.9254238,Разиньково,village,,,
1218743548,51.8235291,36.0071482,Нижнекасиново,hamlet,,,
1218743566,51.8267246,35.9562939,Брежнево,hamlet,,,
1233916058,51.6629304,35.2258886,Шерекино,village,,,
1247883648,51.9595604,35.3598097,Богдановка,hamlet,,Конышёвский район,Курская область
1247883649,51.9507200,35.3464566,Рожня,hamlet,,Конышёвский район,Курская область
1247883761,51.9612724,35.3040134,Машкино,village,,Конышёвский район,Курская область
1247885105,52.0876631,35.5283814,Линец,village,363,Железногорский район,Курская область
1248633904,52.0417100,35.4614490,Жигаево,hamlet,,Конышёвский район,Курская область
1267548793,51.7566244,35.3428148,Иванчиково,village,,,
1267549532,51.7708355,35.4244996,Ольшанка,village,,,
1292891644,51.4177829,37.4241866,Бурцевка,hamlet,,,
1292891650,51.4089701,37.1553081,Мяснянка,hamlet,,Мантуровский район,Курская область
1292891685,51.4711876,37.2976446,Репецкая Плата,hamlet,,Мантуровский район,Курская область
1292891687,51.4170830,37.2476705,Останино,village,,Мантуровский район,Курская область
1292891699,51.3889186,37.2370275,Красная Нарезка,hamlet,,,
1292891721,51.4205889,37.4064143,Крутые Верхи,hamlet,,,
1292891727,51.4239046,37.1504157,Борзенково,hamlet,,Мантуровский район,Курская область
1292891760,51.4760061,37.3839696,Большие Бутырки,village,,,
1292891768,51.4971749,37.3063529,Екатериновка,hamlet,,Мантуровский район,Курская область
1292895548,51.4178645,37.6690713,Кунье,village,877,,
1292895617,51.4358629,37.6148005,Ржавец,hamlet,,,
1292895619,51.4546810,37.5485990,Ястребовка,village,1125,Мантуровский район,Курская область
1292895686,51.4343158,37.4461110,Покровское,hamlet,,,
1295136968,51.2644861,38.2463413,Потудань,village,493,Старооскольский городской округ,Белгородская область
1299177082,51.5127016,38.4411240,Петровка,hamlet,,Нижнедевицкий район,Воронежская область
1305215836,52.4677007,37.5232984,Моногарово,village,,Ливенский район,Орловская область
1309045394,51.5552465,36.4525427,Новоселедебный,hamlet,,,
1320067187,52.4477641,37.4292881,Шилово,hamlet,,Ливенский район,Орловская область
1325243580,51.8114493,35.3530856,Захарково,village,,Конышёвский район,Курская область
1326034527,51.2003293,34.7323284,Елизаветовка,hamlet,,,
1326034528,51.2478348,34.7788560,Кульбаки,village,,,
1326034534,51.2681389,34.7610933,1-я Мужица,hamlet,,,
1326034538,51.2646273,34.7919299,Новоивановка,hamlet,,,
1326034540,51.2367267,34.6899997,Политотдельский,hamlet,,,
1326034541,51.2307044,34.7087309,Сергеевка,hamlet,,,
1326034542,51.2142693,34.7828619,Синяк,hamlet,,,
1326041195,51.2847536,34.9639316,Обуховка,hamlet,,,
1326629326,51.9479368,36.1469682,Зиборово,hamlet,,,
1330384727,51.5340007,37.9103365,Быстрик,hamlet,,,
1341016987,52.2135200,38.0633160,Заречное,village,,Тербунский муниципальный округ,Липецкая область
1343107872,51.2233483,38.1232164,Дмитриевка,village,719,Старооскольский городской округ,Белгородская область
1350009329,52.1160470,38.2327540,Васильевка,village,,Тербунский муниципальный округ,Липецкая область
1354122971,51.2116128,38.2301766,Рекуновка,hamlet,11,Старооскольский городской округ,Белгородская область
1357129753,51.6629830,35.2869680,Нижние Деревеньки,village,,Льговский район,
1366926778,51.9306265,35.8980047,Бартеневский,hamlet,,,
1389528106,51.7732464,34.9146355,Мухино,hamlet,,,
1389528107,51.8076622,34.8234777,Петровское,hamlet,,,
1389545955,52.0202022,35.0333677,Арбузово,hamlet,,,
1389545959,51.9598704,34.9738546,Берёза,hamlet,,Дмитриевский район,Курская область
1389545969,51.8809132,34.8426361,Богомолов,hamlet,,,
1389545972,51.9293079,34.9009416,Меньшиково,hamlet,,Хомутовский район,Курская область
1389545973,52.0087982,35.0098656,Харасея,hamlet,,,
1411353544,51.6032126,35.1714205,Глиница,hamlet,,,
1411353545,51.6127859,35.1731258,Кочановка,hamlet,,Льговский район,
1411353546,51.6050244,35.0824771,Стремоуховка,hamlet,,,
1411454139,51.5534889,35.2328876,Беженцев,hamlet,,,
1411454141,51.5200305,35.1958922,Волжин,hamlet,,,
1411454145,51.5715521,35.1742935,Екатериновка,hamlet,,,
1411454155,51.5394233,35.2221559,Левшинка,hamlet,,,
1411454157,51.5756395,35.2482165,Любомировка,hamlet,,,
1411454159,51.5804053,35.2244637,Малеевка,hamlet,,Льговский район,Курская область
1411637117,51.6080032,35.2405645,Арсеньевка,hamlet,,,
1411637133,51.6226693,35.2340090,Булгаковка,hamlet,,Льговский район,Курская область
1411692673,51.7229438,35.0892584,Холм,hamlet,,Льговский район,Курская область
1411694451,51.6712967,34.2171066,Локоть,village,,,
1411696736,51.7712259,35.3596692,Полячково,hamlet,,,
1411813851,51.6791835,35.3708051,Городенск,village,,,
1411813852,51.7461360,35.3772667,Кочетно,hamlet,,,
1411813853,51.6866437,35.3235400,Люшинка,hamlet,,,
1411813854,51.7861828,35.3620241,Понура,isolated_dwelling,,,
1411822141,51.5233146,34.8785739,Благодатное,village,,,
1411822157,51.5304833,35.0231697,Верхняя Груня,village,,,
1411822159,51.5345904,34.8586329,Дерюгино,hamlet,,,
1411822162,51.5340887,34.9588960,Нижняя Груня,hamlet,,,
1411901855,51.5772603,35.2873343,Большая Орловка,hamlet,,,
1411901856,51.5514038,35.3020374,Вышние Деревеньки,village,,,
1411901857,51.5223631,35.3516898,Деревеньки,hamlet,,Льговский район,Курская область
1411901859,51.7535742,35.2679084,Марица,village,,Льговский район,Курская область
1411901860,51.4847797,35.1036678,Общий Колодезь,hamlet,,,
1411901861,51.4901164,35.1453042,Сафоновка,hamlet,,,
1411913154,51.6147303,35.2748440,Карасевка,hamlet,,,
1411913155,51.5155604,35.2730620,Черемошки,village,,,
1411936721,51.6935376,35.2467856,Шерекино,hamlet,,Льговский район,
1411958626,51.6549389,35.0143365,Горностаевка,hamlet,,Льговский район,Курская область
1411958627,51.6423086,35.0018864,Зеленинский,hamlet,,,
1411963788,51.6930330,35.3076200,Пригородная Слободка,village,,Льговский район,Курская область
1412545821,51.6694545,35.4514968,Борисовка,hamlet,,,
1412545824,51.5966267,35.2519614,Васильевка,hamlet,,,
1412545831,51.6204679,35.4354092,Глушица,hamlet,,,
1412545840,51.6169357,35.3532289,Клишино,hamlet,,,
1412545843,51.7540645,35.0451146,Коробкино,hamlet,,,
1412545851,51.6027500,35.2772455,Красная Новь,hamlet,,,
1412545855,51.7688290,35.2852060,Николаевка,hamlet,,Льговский район,Курская область
1412545856,51.7586816,35.1209240,Новосёловка,hamlet,,,
1412545857,51.7768191,35.2966083,Новые Пруды,hamlet,,Льговский район,Курская область
1412545858,51.7680222,35.3114266,Песочный,hamlet,,,
1412545859,51.6462268,35.4653124,Погореловка,hamlet,,,
1412545864,51.6954541,35.4331597,Речица,hamlet,,,
1412545873,51.7402380,35.3024600,Телятниково,hamlet,,,
1412545875,51.7371150,35.2725685,Шерекинский,hamlet,,Льговский район,Курская область
1412545880,51.7759350,35.2029000,Ширково,hamlet,,Конышёвский район,Курская область
1412548150,51.8712890,35.1090324,Беляево,village,,Конышёвский район,Курская область
1412548157,51.7913700,35.3131450,Красная Дубрава,hamlet,,Льговский район,Курская область
1412548162,51.7980772,35.3125282,Красный Пахарь,hamlet,,Льговский район,Курская область
1412548164,51.8622882,35.1818892,Черничено,hamlet,,Конышёвский район,Курская область
1412777861,51.5720444,35.5425666,Благодатное,hamlet,,,
1412781999,51.7850110,35.3175010,Хряпник,hamlet,,Льговский район,Курская область
1412962637,51.6413570,35.4362110,Николаевка,hamlet,,Льговский район,Курская область
1412962638,51.6497406,35.4096397,Октябрьский,hamlet,,,
1413088226,51.6077074,35.3875686,Козьи Угоны,hamlet,,Льговский район,Курская область
1413537653,51.5558087,35.4450019,Эммануиловка,hamlet,,,
1413830750,51.7599903,35.4268851,Краснозаводской,hamlet,,,
1413830751,51.7863497,35.3929196,Панкеево,hamlet,,Конышёвский район,Курская область
1413830752,51.7789684,35.3978104,Предпанкеевский,hamlet,,,
1413831267,51.7175610,35.3599549,20 Лет Октября,hamlet,,,
1414158918,51.5701030,35.0398900,Надеждовка,hamlet,,Льговский район,Курская область
1415791969,51.6001490,35.2375921,Весёлая Поляна,hamlet,,,
1415791970,51.5243788,35.1345789,Дьяковка,hamlet,,,
1415828607,51.4611213,35.2532583,Анастасьевка,hamlet,,,
1415828610,51.4488109,35.2513713,Левшинка,hamlet,,,
1415828612,51.4395590,35.2428301,Семёновка,hamlet,,,
1415886389,51.5031210,35.4104175,Александровка,hamlet,,,
1415886390,51.4985847,35.4174468,Букреево-Бобрик,hamlet,,,
1415886391,51.4762795,35.3414962,Дурово-Бобрик,hamlet,,,
1415886392,51.4988075,35.3946807,Милютино,hamlet,,,
1415886393,51.5032822,35.4544442,Стремоухово-Бобрик,hamlet,,,
1415886394,51.4932255,35.3882766,Цуканово-Бобрик,hamlet,,,
1415908425,51.5445100,35.5969280,Колпаково,hamlet,,,
1415908426,51.5379818,35.5849685,Сопеловка,hamlet,,,
1415926574,51.7684706,35.3007840,Красный Юрок,hamlet,,,
1415939709,51.7970090,34.9689928,Комаровка,hamlet,,,
1415939710,51.7542300,34.9501380,Ревельский,isolated_dwelling,,,
1415939711,51.8356871,35.0177298,Семёновка,hamlet,,Конышёвский район,Курская область
1420069943,52.4963485,37.2978095,Каменный,hamlet,,,
1420069986,52.4820762,37.4043678,Ровнец,hamlet,,,
1420159746,52.4606664,35.0566028,Промклево,hamlet,,,
1420159747,52.4840350,35.0711100,Алёшинка,village,,Дмитровский район,Орловская область
1420159749,52.4454171,35.0910380,Кочетовка,hamlet,,,Орловская область
1420159754,52.4804040,35.0994260,Балдыж,hamlet,,,
1420159765,52.4392970,35.0788500,Вижонка,hamlet,,,Орловская область
1420159770,52.4780779,35.0101726,Талдыкино,hamlet,,,Орловская область
1420159773,52.4892580,35.0853920,Сторожище,hamlet,,,
1420172091,52.3776436,35.0322053,Власовка,hamlet,,Дмитровский район,Орловская область
1420172097,52.3445970,35.1370620,Петровский,hamlet,,Дмитровский район,Орловская область
1420172117,52.3932941,34.9871003,Берёзовка,hamlet,,Дмитровский район,Орловская область
1420172137,52.3500520,35.1335450,Новогеоргиевский,hamlet,,Дмитровский район,Орловская область
1420172145,52.3987826,35.0155343,Девятино,village,,Дмитровский район,Орловская область
1420172149,52.4031478,34.9793122,Холчёвка,hamlet,,Дмитровский район,Орловская область
1420172155,52.3552925,35.0736788,Новосёлки,hamlet,,Дмитровский район,Орловская область
1420172173,52.3541654,35.0870662,Спасский,hamlet,,Дмитровский район,Орловская область
1420172181,52.3609010,35.1266330,Осмонь,hamlet,,Дмитровский район,Орловская область
1420184478,52.3786130,35.0447796,Алексеевский,hamlet,,Дмитровский район,Орловская область
1420184484,52.3649058,35.1579787,Ровенский,hamlet,,Дмитровский район,Орловская область
1420184498,52.3693119,35.0158332,Октябрьский,hamlet,,Дмитровский район,Орловская область
1420240128,52.4909002,35.1494981,Вертякино,hamlet,,,
1420240135,52.4992900,35.1227680,Трубичино,village,,,
1420249173,52.4857870,35.2269437,Мошки,hamlet,,,
1420249174,52.4900175,35.2409606,Седлечко,hamlet,,,
1420249183,52.4904100,35.2504880,Топоричный,hamlet,,,
1420709386,52.1409670,37.7326703,Нижнее Ольшаное,village,,,
1420709421,52.1778509,37.5686095,Студёный,hamlet,,,
1420709496,52.1915284,37.6085827,Баранчик,village,,,
1421181221,51.2928268,35.7789296,Вышнее Бабино,village,,,
1421181229,51.2652400,35.8201870,Нижнее Бабино,village,112,Обоянский район,Курская область
1423126739,51.5963149,35.7664002,Верхняя Малыхина,hamlet,,,
1423153619,52.3773840,35.3666950,Паньшино,hamlet,,,
1423153620,52.4128950,35.3188020,Озерки,hamlet,,,
1423153621,52.3874433,35.3922721,Новый Колодец,hamlet,,,
1423153622,52.4000210,35.4080660,Новомихайловский,hamlet,,,
1423153623,52.4020040,35.3500440,Речица,hamlet,,,
1423153624,52.4479480,35.2731670,Ферезёво,hamlet,,,
1423153625,52.3977850,35.3493080,Артель-Труд,hamlet,,,
1423153626,52.4305800,35.3551940,Кирпичный,hamlet,,,
1423153627,52.4068150,35.3071290,Высокий,hamlet,,,
1423153628,52.4252400,35.3447230,Харланово,hamlet,,,
1423153629,52.4258500,35.2997320,Новоалексеевский,hamlet,,,
1423153630,52.4589390,35.2982030,Трофимово,hamlet,,,
1423153631,52.3970790,35.3555370,Опека,hamlet,,,
1423153632,52.4323620,35.3809430,Васильевский,hamlet,,,
1423173709,52.4981384,34.9246923,Воронино,hamlet,,,Орловская область
1423173711,52.4600870,34.9137080,Большое Кричино,hamlet,,,Орловская область
1423173713,52.4065139,34.9058439,Упорой,hamlet,,,Орловская область
1423173714,52.4812053,34.9550763,Журавка,hamlet,,,Орловская область
1423173724,52.4320598,34.9240700,Кавелино,hamlet,,,Орловская область
1423173725,52.4489935,34.9361936,Малое Кричино,hamlet,,,Орловская область
1423173726,52.4659204,34.9469689,Домаха,village,,,Орловская область
1423173732,52.4928135,34.9866620,Никольский,isolated_dwelling,,,Орловская область
1423244681,52.4047280,35.1375540,Привич,hamlet,,Дмитровский район,Орловская область
1423244682,52.4208412,35.1387540,Круглое,hamlet,,Дмитровский район,Орловская область
1423244683,52.4025273,35.2333394,Алексеевский,hamlet,,Дмитровский район,Орловская область
1423244684,52.3802150,35.2251010,Бук,hamlet,,Дмитровский район,Орловская область
1423244685,52.4173782,35.1809469,Малое Боброво,village,,Дмитровский район,Орловская область
1423244686,52.4036793,35.2472440,Моголь,hamlet,,Дмитровский район,Орловская область
1423244687,52.4334030,35.2187500,Брянцево,hamlet,,Дмитровский район,Орловская область
1423244688,52.4427210,35.2438108,Ивановский,hamlet,,Дмитровский район,Орловская область
1423248940,52.4390585,35.4921790,Плоское,village,,,
1423258906,52.4596113,35.3886028,Хальзево,village,,,
1423258908,52.4385628,35.4099640,Авилово,hamlet,,,
1423258910,52.4551660,35.4635120,Кучеряевка,hamlet,,,
1423258911,52.4492080,35.4053184,Апойково,hamlet,,,
1423258912,52.4631858,35.5297300,Ждановка,hamlet,,,
1423258913,52.4374672,35.4014077,Малиновский,hamlet,,,
1423265440,52.4688680,35.3548510,Успенский,hamlet,,,
1423851987,52.1542240,35.3382640,Воропаево,hamlet,,,
1423851988,52.1499180,35.3561590,Карманово,village,606,Железногорский район,Курская область
1423974158,51.8596173,36.4420562,Виногробль,hamlet,,,
1423974164,51.8720210,36.2381210,Мешково,hamlet,,,
1423974167,51.9028513,36.1138396,2-е Курасово,village,,,
1423974168,51.8911480,36.1120380,Реутов,hamlet,,,
1423974171,51.8204186,36.2120278,Сапогово,village,,,
1423974172,51.8051450,36.1986404,Шуклинка,hamlet,,,
1423974173,51.8105050,36.3242106,Михайлово,hamlet,,,
1423974184,51.6917460,35.5228960,Макаровка,village,,,
1423974188,51.8645999,36.1917310,Глебово,hamlet,,,
1423974189,51.8334767,36.0556464,Верхнекасиново,village,,,
1423974190,51.8537330,36.1870532,Пашково,hamlet,,,
1423974192,51.8162623,36.4776330,1-е Винниково,village,,,
1423974198,51.6673714,35.5073600,Быки,hamlet,,,
1423974199,51.8465754,36.1938338,Мошкино,hamlet,,,
1423974200,51.8908813,36.1771827,Волобуево,hamlet,,,
1423974202,51.7900430,36.5063440,Отрешково,village,,,
1423974206,51.8234114,36.4866882,Винниково-Николаевка,hamlet,,,
1423974207,51.8959133,36.1492877,Киреевка,hamlet,,,
1423974209,51.7998367,36.4378158,Малиновый,hamlet,,,
1423974215,51.7267421,35.0649028,Кирпичный,hamlet,,Льговский район,Курская область
1423974216,51.8727085,36.1873107,Денисово,hamlet,,,
1423974220,51.8164480,36.1944346,Искра,village,,,
1423974221,51.8309308,36.3933044,Еськово,hamlet,,,
1423974225,51.7995720,36.4542441,Липовец,hamlet,,,
1423974226,51.8318325,36.1979537,Овсянниково,hamlet,,,
1423974227,51.5994874,36.3060832,1-е Безлесное,hamlet,,,
1423974230,51.7123588,35.6141334,Дроняево,hamlet,,Курчатовский район,Курская область
1423974231,51.8791200,36.1689410,Чаплыгина,village,,,
1423974233,51.7891143,36.4526992,Постоялые Дворы,hamlet,,,
1423974236,51.8993559,36.1444812,1-е Курасово,hamlet,,,
1423974237,51.8712949,36.1989600,Алябьево,hamlet,,,
1423974238,51.8560074,36.1360376,Сотниково,hamlet,,,
1424241152,52.2276931,37.3743670,Новый Тим,hamlet,,,
1424241162,52.0954875,37.3165171,Дубровка,village,,,
1424241164,52.1338030,37.3449271,Рождественское,hamlet,,,
1424241166,52.2063405,37.3607199,Казинка,hamlet,,,
1424241180,52.1794571,37.3613658,Слободка,hamlet,,,
1424241196,52.1193097,37.2949736,Матвеевка,hamlet,,,
1424241208,52.1280073,37.2857039,Белое,hamlet,,,
1424241211,52.1202610,37.3773024,Шолохово,hamlet,,,
1424241264,52.1520270,37.3416670,Лебёдки,hamlet,,,
1424241277,52.1808709,37.3256861,Тим,hamlet,,,
1424241282,52.1030799,37.2723143,Харское,hamlet,,,
1424264073,52.0131557,37.6206152,Козьма-Демьяновское,village,,,
1424264077,51.9837702,37.6567521,Обороновка,hamlet,,,
1424264083,52.0133115,37.5788157,Александровка,hamlet,,,
1424264099,52.0219230,37.7043000,Знаменское,village,,,
1424264103,51.9797935,37.6719441,Марковский,isolated_dwelling,,,
1424264109,52.0411427,37.5904028,Калиновка,village,,,
1424264112,52.0066046,37.6866190,Короткий Колодезь,hamlet,,,
1424286450,52.1185232,37.5010177,Новосергеевка,hamlet,,,
1424286456,52.1811925,37.5329413,Прудки,hamlet,,,
1424286459,52.0858395,37.5575297,Шлях,hamlet,,,
1424286462,52.1595030,37.5001948,Кривцово-Плота,village,,,
1424286473,52.1380175,37.5611346,Марьино,hamlet,,,
1424286477,52.2064457,37.3830359,Луганка,hamlet,,,
1424286502,52.1398349,37.4065556,Кудиново,hamlet,,,
1424286504,52.1780334,37.3853533,Зябрево,hamlet,,,
1424286505,52.1469972,37.3825660,Рогово,hamlet,,,
1424286513,52.1279520,37.4537604,Донец,hamlet,,,
1424286522,52.2191728,37.3964255,Евланово,hamlet,,,
1424286537,52.1345919,37.4364676,Новотроицкое,hamlet,,,
1424286543,52.1683063,37.4168170,Зиброво,hamlet,,,
1424286545,52.1251619,37.5045314,Андрияновка,hamlet,,,
1424397169,52.0887890,37.7613368,Рогатик,village,,,
1424397177,52.0671231,37.6886876,Степановка,hamlet,,,
1424437789,52.0155316,37.2692373,Ханыки,hamlet,,,
1424437792,52.0237186,37.2245195,Петровка,hamlet,,,
1424437796,52.0688233,37.3424466,Урынок,village,,,
1424437797,52.0682192,37.2691515,Вышняя Замарайка Первая,hamlet,,,
1424437799,52.0187009,37.2427156,Иваненково,hamlet,,,
1424437807,52.0452869,37.3582823,Нижнее Долгое Второе,hamlet,,,
1424437809,52.0734800,37.3765543,Русановка Вторая,hamlet,,,
1424437810,52.0469484,37.2389391,Паниковец,hamlet,,,
1424437811,52.0406927,37.3275979,Быстра,hamlet,,,
1424437812,52.0667128,37.4050601,Вышнее Долгое,village,,,
1424437813,52.0809818,37.4418342,Грачёвка Третья,hamlet,,,
1424437814,52.0570824,37.2976472,Нижняя Замарайка,hamlet,,,
1424437816,52.0795867,37.4511511,Грачёвка Вторая,hamlet,,,
1424437819,52.0717792,37.4370749,Смородинка,hamlet,,,
1424437821,52.0162685,37.2567918,Кирилловка,hamlet,,,
1424437827,52.0762383,37.2611692,Вышняя Замарайка Вторая,hamlet,,,
1424437828,52.0319041,37.2063234,Егорьевка,hamlet,,,
1424437829,52.0657380,37.4238570,Малиновка,hamlet,,,
1424437830,52.0563976,37.3464377,Русановка Первая,hamlet,,,
1424450403,52.0662431,37.3803089,Нижнее Долгое,hamlet,,,
1424450405,52.0155316,37.3095777,Косоржа,hamlet,,,
1424468065,51.9903802,37.4090555,Выгон,village,,,
1424468066,51.9751556,37.4117162,Успенское,hamlet,,,
1424468077,51.9999259,37.3954299,Воробьёвка,hamlet,,,
1424468083,52.0377123,37.4585884,Гремячка,hamlet,,,
1424468089,51.9862045,37.4383237,Плотки,hamlet,,,
1424468097,52.0311121,37.3415926,Прибыткино,hamlet,,,
1424468111,52.0020065,37.3523214,Алексеевка,hamlet,,,
1424468123,52.0179615,37.3754957,Грачёвка,hamlet,,,
1424998026,52.0757970,35.2762982,Генеральшино,hamlet,,,
1424998033,51.8126244,35.1085361,Платава,hamlet,,Конышёвский район,Курская область
1424998036,51.9920688,35.1660110,Старая Белица,village,,Конышёвский район,Курская область
1424998037,51.7902487,35.0720231,Шустово,hamlet,,,
1425041115,51.8571666,35.6267125,Дарница,hamlet,,Курчатовский район,Курская область
1425041116,51.8593985,35.6395963,Николаевка,hamlet,,Курчатовский район,Курская область
1425041117,51.8657785,35.6415183,Русаново,hamlet,,Курчатовский район,Курская область
1425041123,51.8500171,35.6171265,Троицкое,hamlet,,Курчатовский район,Курская область
1425041126,51.8665298,35.6340743,Чёрный Колодезь,hamlet,,Курчатовский район,Курская область
1425041127,51.8649559,35.6693838,Ширково,hamlet,,Курчатовский район,Курская область
1425068355,51.3152489,35.7449351,Любостань,village,,,
1425068356,51.4624401,35.7205157,Масловка,hamlet,,,
1425068357,51.3849175,35.6828948,Немча,hamlet,,,
1425068358,51.4936587,35.6794886,1-я Косторная,village,,,
1425068359,51.4367649,35.5890230,Шагарово,hamlet,,,
1425068360,51.3316511,35.5360168,Кукуй,hamlet,,,
1425068361,51.4970786,35.6889300,Ефросимовка,hamlet,,,
1425068362,51.5126788,35.6769137,2-е Мальцево,hamlet,,,
1425068363,51.4010089,35.7069579,Нижнее Гридино,village,,,
1425068364,51.4650068,35.4861979,Спасская,hamlet,,,
1425068365,51.4903454,35.7066111,Толмачевка,hamlet,,,
1425068366,51.5210109,35.6307368,Красная Горка,hamlet,,,
1425068367,51.4223410,35.3824650,Радутина,hamlet,,,
1425068368,51.4429710,35.4371027,Обуховка,hamlet,,,
1425068370,51.3540785,35.4748682,Первомайская,hamlet,,,
1425068376,51.3830734,35.7432033,Сула,hamlet,,,
1425068379,51.4596593,35.7043795,Хитровка,hamlet,,,
1425068380,51.3909417,35.4419092,Красный Клин,hamlet,,,
1425068388,51.3508623,35.3734164,Нечаев,hamlet,,,
1425068390,51.2762910,35.5467950,Махов Колодезь,hamlet,,Большесолдатский район,Курская область
1425068391,51.3136450,35.4595904,Новосотницкий,hamlet,,,
1425068392,51.4330773,35.4085255,Доброхимовка,hamlet,,,
1425068393,51.4387980,35.4094652,Чубаровка,hamlet,,,
1425068402,51.4850009,35.6915049,2-я Косторная,hamlet,,,
1425068403,51.3081724,35.6782870,Веселый,hamlet,,,
1425068404,51.4405101,35.5656771,Нелидовка,hamlet,,,
1425068408,51.4396006,35.6641249,Житень,hamlet,,,
1425068413,51.3344045,35.3952176,Ямская Степь,hamlet,,,
1425068417,51.3487180,35.3862910,Нижняя Паровая,hamlet,,,
1425068418,51.3201938,35.4146137,Бердин,hamlet,,,
1425068419,51.4107541,35.7407717,Исаевский,hamlet,,,
1425068420,51.4423291,35.4547838,Дальняя Гатка,hamlet,,,
1425068421,51.5152427,35.6518511,1-е Мальцево,hamlet,,,
1425068422,51.3878539,35.6730384,Извеково,hamlet,,,
1425068423,51.4718507,35.5797533,Борщень,village,,,
1425068424,51.2835916,35.7727007,Леоновка,hamlet,,,
1425068425,51.4568783,35.4008822,Ширковский,hamlet,,,
1425068426,51.3789430,35.4334978,Ржава,hamlet,,,
1425068427,51.2596423,35.5522875,Растворово,hamlet,,,
1425068428,51.3810858,35.4470591,Бочанка,hamlet,,,
1425068429,51.5636091,35.6417231,Долгий,hamlet,,,
1425068430,51.4516368,35.4812197,Ольшанка,hamlet,,,
1425068431,51.4117177,35.5335764,Ширково,hamlet,,,
1425068432,51.3952262,35.4796747,Щербачевка,hamlet,,,
1425068433,51.3273771,35.4180483,Розгребли,hamlet,,,
1425068434,51.3951191,35.6452421,Верхнее Гридино,hamlet,,,
1425068435,51.4277752,35.3871493,Раково,hamlet,,,
1425431318,51.3778890,35.2265918,Погребки,village,,,
1425639935,51.7191676,36.0896522,1-я Моква,village,,,
1425640066,51.6724372,35.7689029,Малютина,hamlet,,,
1425816548,52.2298328,35.0116842,Бычки,hamlet,,Дмитриевский район,Курская область
1425816549,52.2144197,35.0604490,Дерюгино,village,,Дмитриевский район,Курская область
1425816550,52.2047040,34.9030720,Красный Клин,hamlet,,,
1425816552,52.2283043,35.0553987,Первоавгустовский,village,1716,Дмитриевский район,Курская область
1425816553,52.1821542,35.0155050,Первомайский,isolated_dwelling,,Дмитриевский район,Курская область
1425816554,52.2104478,34.9933418,Пристанционный,hamlet,,Дмитриевский район,Курская область
1426261725,51.8843862,35.5691564,Большое Городьково,hamlet,,Конышёвский район,Курская область
1426261750,52.0575847,34.7500183,Глубое,hamlet,,,
1426261817,51.8742093,35.5333213,Клесово,hamlet,,Конышёвский район,Курская область
1426261827,51.9031893,35.5364316,Малое Городьково,village,,Конышёвский район,Курская область
1426261835,52.1415956,35.0799698,Нива,village,,Дмитриевский район,Курская область
1426261849,52.0495621,34.7755174,Орлово-Никольский,hamlet,,,
1426261868,52.1141665,35.2300042,Расстрыгино,hamlet,,,
1426261914,52.1210461,35.1918268,Снижа,hamlet,,,
1426261941,51.4301004,35.2497700,Шапошниково,hamlet,,,
1426261979,51.5240398,35.3463976,Яблоновый,hamlet,,,
1426349687,52.0977250,35.0918238,Борки,hamlet,,,
1426349699,52.0926493,35.0996347,Горелое,hamlet,,,
1426349700,52.1061220,35.1046992,Красная Дубрава,village,,,
1426349704,52.0629529,35.1687506,Куток,hamlet,,,
1426349713,52.1314226,35.0953548,Ладыгино,hamlet,,Дмитриевский район,Курская область
1426349718,52.0796000,35.0900000,Рогозна,hamlet,,Дмитриевский район,Курская область
1426349721,52.0972155,35.1328334,Старая Першина,hamlet,,,
1426349724,52.0994276,35.0753293,Старый Город,village,,,
1426349727,52.1222737,35.1087430,Татарка,hamlet,,Дмитриевский район,Курская область
1426816254,51.9866533,35.3183227,Булгаковка,hamlet,,Конышёвский район,Курская область
1426870771,51.2343608,35.6650331,Малый Каменец,village,,,
1426870782,51.3689477,35.5546548,Левшино,hamlet,,,
1426870786,51.3169413,35.6399705,Выдрин,hamlet,,,
1426870800,51.2651982,34.4725015,Волфино,hamlet,,,
1426870805,51.2694945,35.4932000,Бирюковка,village,,,
1426870809,51.3551208,35.6216028,Скородное,village,,,
1426870813,51.2820587,35.6430604,Сторожевое,village,,,
1426870822,51.2426380,35.6459770,Дубрава,hamlet,,,
1426870824,51.2444631,35.7055452,Шелеповка,hamlet,,,
1426870858,51.2905403,35.6834009,Заломное,hamlet,,,
1426870866,51.2154042,35.5377912,Будище,hamlet,,,
1426870874,51.3318523,35.6595399,Большой Каменец,hamlet,,,
1426870875,51.2566582,34.4826295,Краснооктябрьский,hamlet,,,
1426870883,51.2951550,34.4826280,имени Калинина,hamlet,,,
1426935526,51.2772267,34.5425393,Обуховка,hamlet,,,
1426935563,51.2567119,34.5339563,Новый Путь,hamlet,,,
1426935577,51.4244542,34.2991664,Дроновка,village,,,
1426935579,51.4099749,34.3257310,Колодежи,hamlet,,,
1426996568,51.2582985,34.6770766,Медвежье,hamlet,,,
1426996601,51.4426872,34.2794468,Неониловка,hamlet,,,
1426996609,51.4134011,34.2695978,Ходейково,hamlet,,,
1426996633,51.4265681,34.3406656,Урусы,hamlet,,,
1427432672,51.2866060,34.7298930,Глушково,hamlet,,,
1427432719,51.3008341,34.4334775,Ольхожемчугов,hamlet,,,
1427432851,51.3299578,34.4119234,Тяжино,hamlet,,,
1427432881,51.2783367,34.7785598,2-я Мужица,hamlet,,,
1427433314,51.3400927,34.3874294,Заболотовка,hamlet,,,
1427650340,51.4143405,34.3562348,Кабановка,hamlet,,,
1427696563,52.3017102,36.9276189,Ахтырка,village,,Колпнянский район,Орловская область
1427696569,52.2819613,36.9144245,Петровка,isolated_dwelling,,Колпнянский район,Орловская область
1427696570,52.3598223,36.9232437,Крюково,isolated_dwelling,,Колпнянский район,Орловская область
1427696591,52.2741780,36.9317731,Васильевка Первая,hamlet,,Колпнянский район,Орловская область
1427696614,52.3896649,36.9256040,Василь-Плотка,hamlet,,Колпнянский район,Орловская область
1427696616,52.2788914,36.9193705,Струково,isolated_dwelling,,Колпнянский район,Орловская область
1427696657,52.3731617,36.9325563,Вороново,hamlet,,Колпнянский район,Орловская область
1427696661,52.2829149,36.9069788,Кожушки,isolated_dwelling,,Колпнянский район,Орловская область
1427696663,52.2953616,36.9442164,Юдинка,hamlet,,,
1427737579,52.1224496,37.2395298,Яковка,village,,Колпнянский район,Орловская область
1427737599,52.1309081,37.1403074,Спасское Первое,hamlet,,Колпнянский район,Орловская область
1427737621,52.1173389,37.1241304,Белый,hamlet,,Колпнянский район,Орловская область
1427737631,52.1528762,37.2406434,Моховое,hamlet,,Колпнянский район,Орловская область
1427737638,52.0949077,37.0623731,Просека,hamlet,,Колпнянский район,Орловская область
1427737641,52.1389686,37.0645210,Букреевка,hamlet,,Колпнянский район,Орловская область
1427737672,52.1103577,37.0809125,Дубовое,hamlet,,Колпнянский район,Орловская область
1427737696,52.1139532,37.1322050,Королевка,isolated_dwelling,,Колпнянский район,Орловская область
1427737698,52.1371802,37.1287202,Спасское Второе,village,,Колпнянский район,Орловская область
1427737714,52.1245324,37.0851204,Белый Колодезь Второй,hamlet,,Колпнянский район,Орловская область
1427737717,52.1267192,37.2535631,Красногорье,hamlet,,Колпнянский район,Орловская область
1427737731,52.1448946,37.1383783,Зелёная Роща,hamlet,,,
1427737733,52.1247458,37.1870851,Крутое,hamlet,,Колпнянский район,Орловская область
1427737740,52.1262173,37.0409219,Белое,hamlet,,Колпнянский район,Орловская область
1427737762,52.1091150,37.0453378,Юрьево,hamlet,,Колпнянский район,Орловская область
1427737780,52.1285107,37.1007631,Белый Колодезь Первый,village,,Колпнянский район,Орловская область
1427737801,52.0862617,37.0662355,имени Ворошилова,hamlet,,,
1427737818,52.1021575,37.1285936,Никольское,hamlet,,Колпнянский район,Орловская область
1427737833,52.1282736,37.0541784,Поляковочка,hamlet,,Колпнянский район,Орловская область
1427759310,52.1740120,36.9712226,Щегловитовка,hamlet,,Колпнянский район,Орловская область
1427759325,52.1544004,36.9581763,Веселый,hamlet,,Колпнянский район,Орловская область
1427759333,52.1669041,36.9616096,Александровка,hamlet,,,
1427759361,52.1724329,37.0113055,Трудолюбовка,hamlet,,Колпнянский район,Орловская область
1427759369,52.1123564,36.9273610,Моховое,hamlet,,Колпнянский район,Орловская область
1427759383,52.1484231,36.9987743,Знаменское,village,,Колпнянский район,Орловская область
1427781382,52.2230098,36.9826359,Андреевка,hamlet,,Колпнянский район,Орловская область
1427781384,52.2550228,37.0627610,Нижнее Карлово,hamlet,,Колпнянский район,Орловская область
1427781387,52.2626918,37.0114343,Черниково,hamlet,,Колпнянский район,Орловская область
1427781396,52.1950842,37.0585103,Михайловка,hamlet,,Колпнянский район,Орловская область
1427781397,52.2849572,37.0103593,Верхнее Карлово,hamlet,,Колпнянский район,Орловская область
1427781398,52.2853536,37.0346944,Кузьминовка,hamlet,,Колпнянский район,Орловская область
1427781399,52.2070229,36.9794602,Березовка,hamlet,,Колпнянский район,Орловская область
1427781402,52.2553104,37.0428054,Клевцово,village,,Колпнянский район,Орловская область
1427781412,52.2981367,37.0440499,Александровка,hamlet,,,
1427781414,52.2380974,37.0641751,Шушляпино,hamlet,,Колпнянский район,Орловская область
1427781417,52.2327135,36.9574468,Даниловка,hamlet,,Колпнянский район,Орловская область
1427781425,52.3248959,37.0307011,Сергеевка,hamlet,,Колпнянский район,Орловская область
1427781429,52.2817831,37.0678250,Хорошевка,hamlet,,Колпнянский район,Орловская область
1427781430,52.1897201,37.0172257,Доробино,hamlet,,Колпнянский район,Орловская область
1427781431,52.2178042,37.0526738,Покровка,village,,Колпнянский район,Орловская область
1427781432,52.2417266,37.0008771,Екатериновка,hamlet,,Колпнянский район,Орловская область
1427798982,52.2445133,36.9208400,Борисовка Первая,hamlet,,Колпнянский район,Орловская область
1427798983,52.3298792,36.8144207,Андреевка,hamlet,,Колпнянский район,Орловская область
1427798992,52.2947221,36.8420582,Ново-Яковлевка,hamlet,,Колпнянский район,Орловская область
1427798994,52.2821769,36.7579441,Мисайлово,hamlet,,Колпнянский район,Орловская область
1427799024,52.2338095,36.8718950,Сомово,hamlet,,,
1427799036,52.2556887,36.8213944,Евтифеевка Первая,isolated_dwelling,,,
1427799037,52.2227469,36.9144864,Грязное,hamlet,,Колпнянский район,Орловская область
1427799056,52.2495017,36.8419723,Красное,village,,,
1427799065,52.2147830,36.9457738,Борисовка Вторая,hamlet,,Колпнянский район,Орловская область
1427799068,52.2535477,36.7913322,Агарково,hamlet,,Колпнянский район,Орловская область
1427821025,52.2117591,36.8386635,Зубаревка,hamlet,,Колпнянский район,Орловская область
1427821031,52.2232490,36.8702922,Луговое,hamlet,,,
1427821041,52.2240653,36.7134794,Казаковка,hamlet,,Колпнянский район,Орловская область
1427821043,52.1883007,36.7400011,Ягодное,hamlet,,Колпнянский район,Орловская область
1427821049,52.2119971,36.9427697,Ревякинские Выселки,hamlet,,Колпнянский район,Орловская область
1427821067,52.2027911,36.7867359,Кутепово,hamlet,,Колпнянский район,Орловская область
1427821069,52.1968098,36.7805132,Камыши,hamlet,,Колпнянский район,Орловская область
1427821098,52.2195434,36.7112479,Алисово,hamlet,,Колпнянский район,Орловская область
1427821112,52.2055015,36.7447218,Дровосечное,village,,Колпнянский район,Орловская область
1427821115,52.2012893,36.6607408,Чибисовка,hamlet,,Колпнянский район,Орловская область
1427821119,52.1997927,36.7109046,Красный,hamlet,,Колпнянский район,Орловская область
1427821151,52.1936308,36.9219429,Кобзевка,isolated_dwelling,,Колпнянский район,Орловская область
1427821203,52.1443925,36.8726997,Селиваново,hamlet,,Колпнянский район,Орловская область
1427821207,52.1416035,36.8322735,Долгий Колодезь,hamlet,,Колпнянский район,Орловская область
1427821225,52.1813793,36.6578612,Редькино,hamlet,,Колпнянский район,Орловская область
1427821253,52.1923509,36.8637733,Крутое,village,,Колпнянский район,Орловская область
1427821295,52.1509840,36.8244714,Нетрубеж,village,,Колпнянский район,Орловская область
1427821312,52.2106809,36.9078796,Чашино,hamlet,,Колпнянский район,Орловская область
1427834629,52.2039589,37.2086925,Больфуровка,hamlet,,Колпнянский район,Орловская область
1427834635,52.1844899,37.0753583,Ивано-Яковлевка,hamlet,,Колпнянский район,Орловская область
1427834644,52.2244426,37.2865624,Кутузово,hamlet,,Колпнянский район,Орловская область
1427834654,52.2128070,37.1577300,Удеревка Вторая,hamlet,,Колпнянский район,Орловская область
1427834684,52.2130213,37.1046014,Тимирязево,village,,Колпнянский район,Орловская область
1427834691,52.2152300,37.1904320,Петровка Первая,hamlet,,Колпнянский район,Орловская область
1427834694,52.2186981,37.2243352,Хутор-Лимовое,village,,Колпнянский район,Орловская область
1427834717,52.2239588,37.2758336,Красная Сосна,hamlet,,Колпнянский район,Орловская область
1427834734,52.2197524,37.0966191,Карташовка,hamlet,,Колпнянский район,Орловская область
1427901790,51.3239516,34.4631070,Панкратовка,hamlet,,,
1427901938,51.2843504,34.3935841,Заря,hamlet,,,
1427902096,51.3664862,34.6699267,Шагарово,hamlet,,,
1427902116,51.3203008,34.5323670,Сухиновка,village,,,
1427902121,51.3418629,34.4928044,Ходяковка,hamlet,,,
1427902129,51.3204114,34.3496388,Бырдин,hamlet,,,
1427902438,51.2898795,34.3126458,Попово-Лежачи,village,,Глушковский район,Курская область
1427902440,51.3198750,34.4902295,Козыревка,hamlet,,,
1427902462,51.3995175,34.6685857,Ржава,hamlet,,,
1427902470,51.4006955,34.7420567,Высокое,hamlet,,,
1429019955,52.3687854,37.0985256,Ново-Фёдоровка,hamlet,,Колпнянский район,Орловская область
1429019959,52.3763042,37.0466681,Василь-Тумашевка,hamlet,,Колпнянский район,Орловская область
1429019967,52.3427336,37.0772667,Павловка,hamlet,,Колпнянский район,Орловская область
1429019998,52.3507597,37.1623657,Рождественское,hamlet,,Колпнянский район,Орловская область
1429020008,52.3855526,37.1651123,Ушаково,village,,Колпнянский район,Орловская область
1429020015,52.3702021,37.0281716,Давыдово,hamlet,,Колпнянский район,Орловская область
1429020035,52.3714126,37.0413466,Маркино,hamlet,,Колпнянский район,Орловская область
1429040424,52.2583881,37.2499152,Городецкое,hamlet,,Колпнянский район,Орловская область
1429040439,52.2259083,37.1731825,Обуховка,hamlet,,Колпнянский район,Орловская область
1429040461,52.2429921,37.2732590,Шевяково,hamlet,,Колпнянский район,Орловская область
1429040464,52.2686054,37.2386284,Пушинка,hamlet,,Колпнянский район,Орловская область
1429040475,52.2593561,37.2707109,Бурычки,hamlet,,Колпнянский район,Орловская область
1429040478,52.2499315,37.2911118,Греково,hamlet,,Колпнянский район,Орловская область
1429040487,52.2376837,37.1399231,Ярище,village,,Колпнянский район,Орловская область
1429040510,52.2309553,37.2259684,Лимовое,hamlet,,Колпнянский район,Орловская область
1429040517,52.2388054,37.0937833,Теменское,hamlet,,Колпнянский район,Орловская область
1429040522,52.2328504,37.1574734,Лески,hamlet,,Колпнянский район,Орловская область
1429040531,52.2223284,37.1246022,Красная Площадь,hamlet,,Колпнянский район,Орловская область
1429040543,52.2287986,37.1009131,Красный Уголок,hamlet,,Колпнянский район,Орловская область
1429079023,51.6008070,36.3286853,2-е Букреево,hamlet,,,
1429850520,52.3085845,37.2405157,Клевцово,hamlet,,Колпнянский район,Орловская область
1429850566,52.2902936,37.2358379,Бухтиярово Второе,hamlet,,Колпнянский район,Орловская область
1429850662,52.2907648,37.2209463,Воробьевка,hamlet,,Колпнянский район,Орловская область
1429850666,52.3254253,37.2319541,Дурнево,hamlet,,Колпнянский район,Орловская область
1429850696,52.3215695,37.2079000,Бекетово,hamlet,,Колпнянский район,Орловская область
1429850765,52.2806064,37.2251091,Скородумка,hamlet,,Колпнянский район,Орловская область
1429850781,52.3011523,37.1795912,Остров,hamlet,210,Колпнянский район,Орловская область
1429850789,52.3255289,37.1786318,Паниковец Второй,hamlet,,Колпнянский район,Орловская область
1429850842,52.3116517,37.2391424,Бухтиярово Первое,hamlet,,Колпнянский район,Орловская область
1429850860,52.3080400,37.2299778,Гуляево,hamlet,,Колпнянский район,Орловская область
1429850861,52.3070639,37.1162822,Густые Тычинки,hamlet,,Колпнянский район,Орловская область
1429850912,52.2659797,37.0831516,Покатилово,hamlet,,Колпнянский район,Орловская область
1429850942,52.2713885,37.1072271,Паперецкое,hamlet,,Колпнянский район,Орловская область
1429850964,52.2994275,37.2269115,Фошня,hamlet,,Колпнянский район,Орловская область
1429851016,52.3232745,37.1836100,Паниковец Первый,hamlet,,Колпнянский район,Орловская область
1430554521,52.4114932,37.6164842,Беломестное,village,,Ливенский район,Орловская область
1430554522,52.3908724,37.6521172,Ямской,village,,,
1430554541,52.3749984,37.5641472,Барково,village,,,
1430554542,52.3885938,37.5489551,Горностаевка,village,,,
1430569171,52.2660809,37.5580914,Дубровка,hamlet,,,
1430569178,52.3070372,37.4374611,Редькино,hamlet,,,
1430569184,52.2582283,37.4938160,Бараново,hamlet,,,
1430569194,52.2768276,37.4547152,Вахново,village,,,
1430574572,52.2724135,37.3914558,Шебаново,hamlet,,,
1430574580,52.2508114,37.4155660,Ревякино,hamlet,,,
1430574609,52.2988221,37.5363809,Шлях,hamlet,,,
1430574618,52.2382621,37.3617606,Старый Тим,hamlet,,,
1430574651,52.2789807,37.4133448,Введенское,hamlet,,,
1430574661,52.3353146,37.5112755,Росстани,hamlet,,,
1430574672,52.2876667,37.5299437,Овечий Верх,isolated_dwelling,,,
1430584132,52.3866058,37.8735561,Викторовка,hamlet,,,
1430584138,52.3835674,37.9199905,Калинино,hamlet,,,
1430584171,52.4125249,37.7772154,Кунач,hamlet,,,
1430584206,52.3599298,37.7886309,Алдобаевка,hamlet,,,
1431786764,52.3294022,36.3298161,Первое Мая,hamlet,,Поныровский район,Курская область
1431794311,51.5125990,38.3935190,Бор,hamlet,,Нижнедевицкий район,Воронежская область
1431794312,51.6639973,38.3385919,Губаново,hamlet,,Нижнедевицкий район,Воронежская область
1431794322,51.6254317,38.2644039,"совхоза ""Нижнедевицкий""",village,706,,
1431794328,51.5855247,38.2729046,Парточки,hamlet,,Нижнедевицкий район,Воронежская область
1431794330,51.6789220,38.3446264,Подорожное,isolated_dwelling,,Нижнедевицкий район,Воронежская область
1431794333,51.6458065,38.1584829,Широкий,hamlet,,,
1431802958,51.4754848,38.1153833,Богородицкое,village,336,,
1431802974,51.5718399,37.7845574,Богатырево,village,,,
1431803258,51.5817454,37.7282869,Верхняя Клещенка,hamlet,,,
1431803291,51.5565643,37.7890550,Малая Гриневка,hamlet,,,
1431803421,51.6232210,37.7574693,Соколовка,hamlet,,,
1431902195,52.4411683,37.6094948,Ямской Выгон,village,,Ливенский район,Орловская область
1431902215,52.4821044,37.4269788,Труды,hamlet,,,
1431902216,52.4920859,37.4143231,Отрадный,hamlet,,,
1431902241,52.4411737,37.5993441,Нагорный,hamlet,,Ливенский район,Орловская область
1431907169,52.2716625,37.7454954,Казанское,village,,Ливенский район,Орловская область
1431910415,52.3068529,37.8077238,Букреевка,hamlet,,Ливенский район,Орловская область
1431910426,52.1973252,37.7910447,Калинец,hamlet,,,
1431910433,52.2223326,37.8037799,Норовка,village,,,
1431910452,52.2578124,37.7894418,Ямские Постоялые Дворы,hamlet,,Ливенский район,Орловская область
1431910468,52.2336621,37.7972138,Березки,hamlet,,,
1431911314,51.5966767,37.8805505,Быково,village,,,
1431911347,51.6348197,37.9433010,Дарьевка,hamlet,,,
1431911363,51.6078720,37.8185808,Частая Дубрава,isolated_dwelling,,,
1431911461,51.6292953,37.8678476,Отрада,hamlet,,,
1431920681,52.4785093,37.7258241,Березово-Воротынский,hamlet,,,
1431920683,52.4879036,37.7075594,Каменево,hamlet,,,
1431920686,52.4735637,37.8736311,Тихий Уголок,hamlet,,,
1431920701,52.4541799,37.8428285,Грязцы,village,,,
1431920714,52.4312657,37.6595843,Совхозный,village,,Ливенский район,Орловская область
1431920770,52.4642213,37.6822393,Комсомольский,hamlet,,,
1431920772,52.4402672,37.6939123,Липовец,village,,,
1431920801,52.4601001,37.8908091,Хмелевая,village,,,
1431926058,52.4143082,37.5389879,Набережный,village,,,
1431926064,52.4453944,37.5418203,Дубки,hamlet,,,
1431926066,52.4292993,37.5162084,Сахзаводской,village,,,
1431926068,52.4559085,37.4417417,Ровнечик,hamlet,,,
1431936346,52.2969607,37.8716290,Вязовая Дубрава,village,,Ливенский район,Орловская область
1431936353,52.3255842,37.9767716,Круглое,village,,,
1431936360,52.2757159,37.8913914,Муравлевка,isolated_dwelling,,Ливенский район,Орловская область
1431936437,52.2838609,38.0120008,Никитинка,hamlet,,Ливенский район,Орловская область
1431936444,52.3150141,37.9019702,Парный Колодезь,hamlet,,,
1431936473,52.2555243,38.0335915,Дмитриевский,hamlet,,Ливенский район,Орловская область
1431944716,52.2772983,37.5900185,Жерновка,isolated_dwelling,,,
1431944717,52.2110291,37.7140825,Красная Поляна,hamlet,,,
1431944718,52.2231476,37.6872218,Гремячка,hamlet,,,
1431944721,52.2350051,37.6890199,Екатериновка,village,,,
1431983284,52.4498384,37.3381570,Угольное,hamlet,,,
1431983285,52.3868645,37.3518899,Калиновка,hamlet,,,
1431983287,52.4455239,37.2770434,Сидоровка,hamlet,,,
1431983295,52.4516790,37.2623480,Покровка Вторая,village,,,
1431983400,52.4295120,37.2753720,Покровка Первая,village,,,
1431983412,52.4449210,37.2376900,Новый Путь,hamlet,,,
1431983426,52.3776438,37.4008477,Космаковка,hamlet,,,
1431983436,52.4093069,37.3724442,Безодное,village,,,
1431983528,52.4375438,37.2334843,Шиловский,hamlet,,,
1431983545,52.4280747,37.3451092,Постояльская,hamlet,,,
1431983549,52.4104051,37.4482691,Теличье,village,,,
1431988080,52.3793466,37.7115119,Луги Апушкины,hamlet,,,
1431988083,52.3180076,37.7176274,Ямской,hamlet,,,
1431988097,52.3411613,37.8753584,Дубровка,hamlet,,,
1431988098,52.3426322,37.9153555,Апушкино,hamlet,,,
1431988099,52.3786393,37.9590433,Окуневы Горы,hamlet,,,
1431988100,52.3759147,37.9236810,Костомаровка,hamlet,,,
1431988101,52.3779608,37.9073732,Петровка,hamlet,,,
1431988102,52.3825189,37.8816240,Урицкий,hamlet,,,
1431988103,52.3747122,37.8674619,Михайловский,hamlet,,,
1431988104,52.3637594,37.8314989,Положенцево,hamlet,,,
1431988111,52.3645442,37.7367461,Суслово,hamlet,,,
1431988116,52.3220445,37.7356732,Грачев Верх,hamlet,,Ливенский район,Орловская область
1431988118,52.3545850,37.7018130,Горюшкино,hamlet,,,
1431991416,52.3572309,37.3421889,Клюшники,hamlet,,,
1431991418,52.3343962,37.3420172,Брыково,hamlet,,,
1431991423,52.3067230,37.3187142,Важжова,village,,,
1431991425,52.3341352,37.2935658,Леньшино,hamlet,,,
1431991427,52.2964345,37.3340779,Вязовик,village,,,
1431991431,52.3104765,37.3023656,Миляево,hamlet,,,
1431991432,52.3626561,37.3215895,Щетинка,hamlet,,,
1431991433,52.3372820,37.3552780,Сосновка,village,,,
1432015256,52.3333479,36.6595280,Арнаутова,hamlet,,Малоархангельский район,Орловская область
1432015260,52.3440985,36.6617145,Кошелевка,hamlet,,Малоархангельский район,Орловская область
1432015268,52.3762796,36.6831722,Ясная Поляна,hamlet,,Малоархангельский район,Орловская область
1432015350,52.3520641,36.6676819,Белозеровка,hamlet,,,
1432021342,52.4812897,36.7018425,Бобылевка,hamlet,,Малоархангельский район,Орловская область
1432021353,52.4356844,36.6357164,Покровское,village,,Малоархангельский район,Орловская область
1432021354,52.4582837,36.7248451,Нижнее Архарово,hamlet,,Малоархангельский район,Орловская область
1432021364,52.4532090,36.6585409,Мишково,village,,Малоархангельский район,Орловская область
1432021366,52.4759563,36.6969931,Федоровка,hamlet,,Малоархангельский район,Орловская область
1432021367,52.4927098,36.7305529,Залипаевка,hamlet,,Малоархангельский район,Орловская область
1432021374,52.4413601,36.6303949,Мартюхино,hamlet,,Малоархангельский район,Орловская область
1432021377,52.4242495,36.6340856,Дубовик,village,,Малоархангельский район,Орловская область
1432021395,52.4722979,36.7051899,Архарово,village,,Малоархангельский район,Орловская область
1432021401,52.3993781,36.6536464,Юдино,hamlet,,Малоархангельский район,Орловская область
1432192497,52.4555641,36.5627603,Нижняя Гнилуша,village,,Малоархангельский район,Орловская область
1432192503,52.4885289,36.5935306,Петровка,village,,Малоархангельский район,Орловская область
1432192509,52.4683242,36.5381698,Никольское,hamlet,,Малоархангельский район,Орловская область
1432192511,52.4579699,36.5366678,Александровка,village,,Малоархангельский район,Орловская область
1432192527,52.4456240,36.4609651,Елизаветино,hamlet,,Малоархангельский район,Орловская область
1432192536,52.4645331,36.5057258,Верхняя Гнилуша,hamlet,,Малоархангельский район,Орловская область
1432222583,52.2358692,36.6312532,Легостаево Первое,village,,Малоархангельский район,Орловская область
1432222585,52.2975100,36.6078214,Коновик,hamlet,,Малоархангельский район,Орловская область
1432222587,52.2473805,36.6062335,Коротеево Первое,hamlet,,Малоархангельский район,Орловская область
1432222617,52.3167214,36.6864337,Прилепы,hamlet,,Малоархангельский район,Орловская область
1432222637,52.2709154,36.5544776,Гнилая Плота,village,,Малоархангельский район,Орловская область
1432222643,52.2518208,36.5464954,Упалое Второе,hamlet,,Малоархангельский район,Орловская область
1432222658,52.2677942,36.5872263,Аладьево,hamlet,,Малоархангельский район,Орловская область
1432222661,52.2619871,36.6899549,Мокрое,hamlet,,Малоархангельский район,Орловская область
1432222666,52.3176658,36.6678943,Кузнечик Второй,hamlet,,Малоархангельский район,Орловская область
1432222673,52.3042847,36.5356421,Малая Плота,village,,Малоархангельский район,Орловская область
1432222680,52.2923406,36.6124563,Жареный,hamlet,,Малоархангельский район,Орловская область
1432222682,52.2746719,36.5146093,Языково,hamlet,,Малоархангельский район,Орловская область
1432222695,52.2855680,36.6991388,Знаменка,hamlet,,Малоархангельский район,Орловская область
1432222698,52.2779542,36.6360168,Рогатый,hamlet,,Малоархангельский район,Орловская область
1432222712,52.3134656,36.6763057,Плещеевский Завод,hamlet,,Малоархангельский район,Орловская область
1432222730,52.2583871,36.7117559,Нижние Дворы,hamlet,,Малоархангельский район,Орловская область
1432222748,52.2214460,36.6513096,Копаневка,hamlet,,Малоархангельский район,Орловская область
1432222761,52.3052792,36.6743316,Кузнечик Первый,hamlet,,Малоархангельский район,Орловская область
1432222770,52.2378154,36.6574251,Легостаево Второе,hamlet,,Малоархангельский район,Орловская область
1432222798,52.2351859,36.5308313,Упалое Первое,hamlet,,Малоархангельский район,Орловская область
1432222810,52.2915296,36.7080631,Кобзево,hamlet,,Малоархангельский район,Орловская область
1432222824,52.2998208,36.5033698,Костино,village,,Малоархангельский район,Орловская область
1432222834,52.2460405,36.5198450,Прозорово,hamlet,,Малоархангельский район,Орловская область
1432222839,52.2881393,36.6703641,Луковец,village,,Малоархангельский район,Орловская область
1432222887,52.2275897,36.5746049,Каменка,hamlet,,Малоархангельский район,Орловская область
1432222896,52.2524776,36.5919857,Коротеево Второе,hamlet,,Малоархангельский район,Орловская область
1432222912,52.2989836,36.7014541,Ладыгино,hamlet,,Малоархангельский район,Орловская область
1432222929,52.2730438,36.7198669,Подкопаево,hamlet,,Малоархангельский район,Орловская область
1432460187,52.3808659,36.5538271,Мамошино,hamlet,,Малоархангельский район,Орловская область
1432460189,52.4131510,36.5742119,Арнаутово,hamlet,,Малоархангельский район,Орловская область
1432460195,52.4119207,36.5366674,Костюрино,hamlet,,Малоархангельский район,Орловская область
1432460196,52.3864452,36.5299297,Пенькозавод,hamlet,,Малоархангельский район,Орловская область
1432460198,52.3950867,36.5180851,Вторая Подгородняя,village,,Малоархангельский район,Орловская область
1432460204,52.3925713,36.5489798,Серебряный,hamlet,,Малоархангельский район,Орловская область
1432460208,52.3908428,36.5025497,Репьевка,hamlet,,Малоархангельский район,Орловская область
1432460225,52.3598255,36.5588911,Лески,hamlet,,Малоархангельский район,Орловская область
1432460231,52.3868106,36.5860565,Афанасовка,hamlet,,Малоархангельский район,Орловская область
1432463690,52.3628407,36.8081435,Хмелевое,hamlet,,Малоархангельский район,Орловская область
1432463691,52.3793203,36.7613657,Хитрово,village,,Малоархангельский район,Орловская область
1432463722,52.4025626,36.7540057,Цуриково,village,,Малоархангельский район,Орловская область
1432463723,52.4256107,36.7298637,Акинтьево,village,,Малоархангельский район,Орловская область
1432463727,52.4017352,36.7168175,Первая Ивань,village,,Малоархангельский район,Орловская область
1432463731,52.3899798,36.7119680,Вторая Ивань,village,,Малоархангельский район,Орловская область
1432471489,52.3812601,36.3891245,Семеновка,hamlet,,Малоархангельский район,Орловская область
1432471491,52.3903540,36.3120800,станция Малоархангельск,village,,,
1432471494,52.3525468,36.4455903,Алисово,hamlet,,Малоархангельский район,Орловская область
1432471500,52.3311193,36.5213466,Пересуха,hamlet,,Малоархангельский район,Орловская область
1432471504,52.3820984,36.4325548,Сидоровка,hamlet,,Малоархангельский район,Орловская область
1432471506,52.3664820,36.4335419,Юдинка,hamlet,,Малоархангельский район,Орловская область
1432471509,52.3951390,36.4831992,Саловка,village,,Малоархангельский район,Орловская область
1432471515,52.3590930,36.4726806,Прогресс,hamlet,,Малоархангельский район,Орловская область
1432471516,52.3251394,36.4675737,Остров,hamlet,,Малоархангельский район,Орловская область
1432471519,52.4003736,36.4361640,Гриневка,hamlet,,Малоархангельский район,Орловская область
1432471531,52.3813636,36.4138008,Петровка,hamlet,,Малоархангельский район,Орловская область
1432471535,52.3160397,36.5758835,Бахматские Выселки,hamlet,,Малоархангельский район,Орловская область
1432471537,52.4037015,36.4767576,Первая Подгородняя,village,,Малоархангельский район,Орловская область
1432471538,52.4084403,36.4584757,Вавилоновка,hamlet,,Малоархангельский район,Орловская область
1432471539,52.3987540,36.4015690,Протасово,village,,Малоархангельский район,Орловская область
1432471543,52.4044608,36.4201136,Новая Стройка,village,,Малоархангельский район,Орловская область
1432471544,52.3293621,36.5805183,Удерево,village,,Малоархангельский район,Орловская область
1432471546,52.3845580,36.4016987,Павловка,hamlet,,Малоархангельский район,Орловская область
1432471552,52.3352889,36.4843107,Орлянка,village,,Малоархангельский район,Орловская область
1432471563,52.3844229,36.4810250,Прогресс,village,,Малоархангельский район,Орловская область
1432548300,51.5374695,37.9381437,Ключ,village,,,
1432548701,51.4453373,37.7639074,Каменка,hamlet,,,
1432548724,51.4962361,37.8174658,Степановка,hamlet,,,
1432549022,51.4278946,37.8064795,Нижние Апочки,hamlet,,Горшеченский район,Курская область
1432549350,51.4351722,37.8452749,Пятницкое,hamlet,,Горшеченский район,Курская область
1432549515,51.4704730,37.7554960,Знаменка,village,,,
1433723464,51.4469339,37.0295522,Свинец,village,,Мантуровский район,Курская область
1435832575,51.3622999,38.1288552,Мокрец,hamlet,138,,
1435832686,51.4211755,38.1341666,Верхние Борки,hamlet,,,
1435832904,51.4078305,38.0424237,Нижняя Ровенка,hamlet,,,
1435832908,51.4137194,38.1135774,Нижние Борки,village,,,
1435833015,51.3757442,38.0619588,Вислое,hamlet,,,
1435833340,51.3754816,38.0998445,Мокрецкие Выселки,hamlet,37,,
1435892702,51.4357158,37.6529241,Никольское,village,,,
1436110983,51.6429768,35.8707474,Семенихина,hamlet,,,
1436111007,51.6473302,35.8824813,Суходоловка,village,,,
1436121889,51.6150876,35.9118105,Адоева,hamlet,,,
1436121890,51.5712712,35.9370120,Журавлинский,hamlet,,,
1436121891,51.5945776,35.9197354,Лютчина,hamlet,,,
1436121892,51.6431872,35.9235056,Нижняя Воробжа,village,,,
1436121893,51.5802877,35.9300766,Свиридова,hamlet,,,
1436350533,51.5139357,37.7011631,Средние Апочки,village,,,
1436350751,51.4539640,37.8570330,Бекетовский,hamlet,,Горшеченский район,Курская область
1436350804,51.4455138,38.2879017,Решетовка,hamlet,,,
1436350877,51.4902135,38.1816433,Сомовка,hamlet,,,
1436350892,51.3653486,38.2251037,Новомеловое,village,,,
1436350998,51.4328873,38.2353733,Петровка,hamlet,,,
1436351000,51.4526816,37.8736828,Бекетово,hamlet,,Горшеченский район,Курская область
1436351026,51.4748195,37.9262112,Рындино,hamlet,,Горшеченский район,Курская область
1436351167,51.5107308,37.8985737,Отрада,hamlet,,,
1436351170,51.5067776,37.8087948,Андреевка,hamlet,,,
1436351177,51.4474396,38.2082508,Новоберезово,hamlet,,,
1436351255,51.4445509,38.1764935,Сосновка,village,,,
1436351268,51.5193837,37.7940319,Никандровка,hamlet,,,
1436351283,51.4194009,38.2494496,Березово-Колодезь,hamlet,,,
1436351301,51.4828860,37.8703188,Немчиновка,hamlet,,Горшеченский район,Курская область
1436351335,51.4383089,37.8561390,Михайловка,hamlet,,,
1436351346,51.4608375,37.5856779,Акуловка,hamlet,,,
1436351517,51.4932763,37.8775297,Максимовка,hamlet,,Горшеченский район,Курская область
1436351568,51.5578213,37.6500080,Баркаловка,hamlet,,,
1436351590,51.4362048,38.2261036,Березово,hamlet,,,
1436351615,51.4625923,37.5963299,Нижнедорожное,hamlet,,,
1436351620,51.5364711,37.7907704,Боровка,hamlet,,,
1436351663,51.4747126,37.8539418,Богдановка,hamlet,,Горшеченский район,Курская область
1436411483,51.5080464,37.6507483,Шляховы Дворы,hamlet,,,
1436411501,51.5190632,37.7416752,Нижняя Клещенка,hamlet,,,
1436411581,51.5608095,37.7397869,Белгородка,hamlet,,,
1436619034,52.4662863,36.8086181,Дрогайцево,village,,Покровский район,Орловская область
1436619042,52.4786029,36.8066096,Дюковская,hamlet,,Покровский район,Орловская область
1436619054,52.4366014,36.7972498,Верхососенье Первая Часть,hamlet,,Покровский район,Орловская область
1436619063,52.4184419,36.8005586,Верхососенье Центральное,hamlet,,Покровский район,Орловская область
1436619068,52.4642599,36.8012839,Пятинская,hamlet,,Покровский район,Орловская область
1436619076,52.4804822,36.8173385,Переведеновка,hamlet,,Покровский район,Орловская область
1436619091,52.4498640,36.8115406,Верхососенье Вторая Середина,hamlet,,Покровский район,Орловская область
1436619094,52.4360782,36.8098240,Верхососенье Вторая Часть,hamlet,,Покровский район,Орловская область
1436619116,52.4484268,36.7793112,Роща,hamlet,,Покровский район,Орловская область
1436691874,52.4781847,37.1735229,Дубинкина,hamlet,,Покровский район,Орловская область
1436691875,52.4568508,37.0924129,Енино Второе,hamlet,,Покровский район,Орловская область
1436691884,52.4886387,37.0028186,Извеково,hamlet,,Покровский район,Орловская область
1436691885,52.4539715,37.1979847,Трусы,hamlet,,Покровский район,Орловская область
1436691886,52.4088116,37.0869198,Ракитина,village,,Покровский район,Орловская область
1436691887,52.4379880,37.1392357,Внуково,hamlet,,Покровский район,Орловская область
1436691888,52.4619734,37.1126690,Погонево,hamlet,,Покровский район,Орловская область
1436691889,52.4447648,37.1985855,Красный,hamlet,,Покровский район,Орловская область
1436691890,52.4849734,37.0615730,Новосильевка,village,,Покровский район,Орловская область
1436691891,52.4603548,37.0761909,Енино Первое,hamlet,,Покровский район,Орловская область
1436691893,52.4605117,37.1898308,Орлы,hamlet,,Покровский район,Орловская область
1436691896,52.4666079,37.0691743,Харчиково,hamlet,,Покровский район,Орловская область
1436691898,52.4753068,37.0554328,Башкатово,village,,Покровский район,Орловская область
1436691899,52.4065575,37.1003180,Новоморозово,hamlet,,Покровский район,Орловская область
1436691900,52.4420992,37.0846024,Васютино,village,,Покровский район,Орловская область
1436691903,52.4245165,37.1224537,Морозова,hamlet,,Покровский район,Орловская область
1436691908,52.4190505,37.1867516,Манино,isolated_dwelling,,Покровский район,Орловская область
1436691909,52.4654771,37.1997871,Ситкин,hamlet,,Покровский район,Орловская область
1436691910,52.4893181,37.1596184,Кадинка,hamlet,,Покровский район,Орловская область
1436709214,51.7000577,35.8415071,Большое Долженково,village,,,
1436709215,51.7108647,35.8286867,Нижняя Горбулина,hamlet,,,
1436722349,52.4397448,37.0235037,Непочатая,village,,Покровский район,Орловская область
1436722369,52.4668092,36.9151382,Ивановка,village,,Покровский район,Орловская область
1436722405,52.4339367,36.9750953,Орловка,hamlet,,,
1436722418,52.4802456,36.9041519,Степанищево,village,,Покровский район,Орловская область
1436722451,52.4635514,36.9827234,Грачёвка,village,,Покровский район,Орловская область
1436722466,52.4536302,36.9449215,Моховое,hamlet,,Покровский район,Орловская область
1436722493,52.4715412,36.8960838,Комардино,hamlet,,Покровский район,Орловская область
1436722500,52.4543506,36.9599633,Ясная Поляна,hamlet,,Покровский район,Орловская область
1436722541,52.4511469,37.0091701,Соломатовка,hamlet,,Покровский район,Орловская область
1436732570,51.6600102,35.7900646,Катырина,hamlet,,,
1436732605,51.6387162,35.8389043,Кораблёва,hamlet,,,
1436732643,51.6495691,35.8118025,Лозовское,hamlet,,,
1436732664,51.6431640,35.8244839,Митрофанова,village,,,
1436786132,51.2001959,36.9040458,Большие Сети,hamlet,,,
1436793226,51.2092997,36.4376341,Бобрышево,village,,,
1436800916,51.3299807,36.4341880,Большие Крюки,hamlet,,,
1436800955,51.3281810,36.4624696,Верхнее Котово,hamlet,,,
1436814835,52.4171359,36.9175029,Слободка,hamlet,,Покровский район,Орловская область
1436814859,52.3972388,37.0475364,Александровка,village,,Покровский район,Орловская область
1436814862,52.4259296,36.9525218,Смирные,village,,Покровский район,Орловская область
1436814890,52.4061390,36.8602520,Топки,village,,Покровский район,Орловская область
1436814894,52.3902204,37.0050502,Малороссов,hamlet,,Покровский район,Орловская область
1436814911,52.4117436,37.0094275,Кромская,hamlet,,Покровский район,Орловская область
1436814938,52.4199103,36.8660045,Лутовиново,hamlet,,Покровский район,Орловская область
1436814986,52.3980244,37.0236754,Никольское,village,,Покровский район,Орловская область
1436850498,51.4593969,34.5032184,Первомайский,hamlet,,,
1436898504,51.6589505,37.8923500,Николаевка,hamlet,,,
1437217968,51.3511513,37.0969250,Кривец,village,,,
1440205005,51.7219575,36.0430232,Касторная,hamlet,,,
1440905165,51.4671871,37.9479789,Герасимово,hamlet,,Горшеченский район,Курская область
1440905200,51.5901075,37.9943274,Просторное,hamlet,,,
1440905206,51.4447245,37.9529570,Старое Роговое,village,462,Горшеченский район,Курская область
1440905279,51.5868013,38.1067656,Орловка,hamlet,,,
1440905301,51.5779478,38.0921744,Ряполово,hamlet,,,
1440905360,51.5866946,38.0271148,Тимофеевка,hamlet,,,
1440905381,51.5415557,37.5656890,Головище,hamlet,,,
1440905489,51.5789079,38.0679702,Шеенка,hamlet,,,
1440905517,51.5604491,37.5287818,Дегтярное,hamlet,,,
1440905532,51.6184677,38.1282233,Ивановка,hamlet,175,,
1440905547,51.4292616,38.0349253,Ровенка,hamlet,,,
1440905604,51.4370205,37.9744147,Залесье,village,332,,
1440905670,51.4868462,37.5852798,Среднедорожное,village,,,
1440905751,51.5908541,38.0935477,Удобное,village,,,
1440905782,51.5951198,37.9742431,Михайловка,hamlet,,,
1442842354,51.3490560,35.6727808,Андреевский,hamlet,0,,
1444508338,52.3215287,36.2553300,1-е Поныри,village,,Поныровский район,Курская область
1445746319,51.9749757,34.9916036,Городище,hamlet,,,
1445746398,51.9530416,34.9818296,Долбиловка,hamlet,,Дмитриевский район,Курская область
1445746491,51.3675286,38.0607373,Федоровка,hamlet,,,
1445746532,52.0028835,34.8979623,Пацкое,hamlet,,,
1445746547,51.9626019,34.9241407,Пушкарево,hamlet,,Дмитриевский район,Курская область
1445746590,51.9760331,34.9533231,Жирновка,hamlet,,,
1445746657,51.9277889,34.9631078,Моисеево,hamlet,,Дмитриевский район,Курская область
1445746658,52.2060630,34.9847371,Чуриловский,hamlet,,Дмитриевский район,Курская область
1445746686,51.9418655,34.9722058,Ржавец,hamlet,,Дмитриевский район,Курская область
1445746696,51.9456749,34.9665410,Лозы,hamlet,,Дмитриевский район,Курская область
1445746700,51.9681547,34.9730641,Красная Гора,hamlet,,Дмитриевский район,
1445746737,51.9994489,34.9172742,Волчьи Ямы,hamlet,,,
1445746818,51.9510990,34.9676780,имени Чапаева,hamlet,,Дмитриевский район,Курская область
1445746822,51.9507206,34.9792225,Старый Хутор,hamlet,,Дмитриевский район,Курская область
1445746918,52.2449692,35.0424154,Мелгора,hamlet,,Дмитриевский район,Курская область
1445807339,52.1360511,35.0779493,Крупец,village,,Дмитриевский район,Курская область
1445807375,52.0658763,35.3868110,Новоалексеевка,hamlet,,,
1445807446,52.0519442,35.3153140,Щербачево,hamlet,,,
1445807500,52.0537915,35.3563840,Петраковка,hamlet,,,
1445807509,52.1277266,35.1383955,Гришино,hamlet,,,
1446126533,51.3578691,35.2276726,Новая Сорочина,hamlet,,,
1446126534,51.3686842,35.2250922,Орловка,hamlet,,,
1447430898,52.1607299,35.0868390,Докторово-Кузнецовка,hamlet,,Дмитриевский район,Курская область
1447431004,52.1380835,35.0549100,Фокино,village,,Дмитриевский район,Курская область
1447449010,52.1711013,35.0939461,Хрулев,hamlet,,Дмитриевский район,Курская область
1447884611,52.4627538,36.0508553,Шейка,hamlet,,Троснянский район,Орловская область
1447884612,52.4954232,35.9569565,Макеевский,hamlet,,Троснянский район,Орловская область
1447884617,52.4774998,35.8948688,Горчаково,village,,Троснянский район,Орловская область
1447884632,52.4473242,36.0305134,Лужок,hamlet,,Троснянский район,Орловская область
1447884639,52.4377551,36.0478512,Надежда,hamlet,,Троснянский район,Орловская область
1447884640,52.4427753,36.0083691,Лебедиха,village,,Троснянский район,Орловская область
1447884643,52.4824397,35.9281646,Каменец,village,,Троснянский район,Орловская область
1447884657,52.4487915,36.0471646,Село,hamlet,,Троснянский район,Орловская область
1447887068,51.2015924,35.2561754,Заолешенка,village,,Суджанский район,Курская область
1447888886,52.4716705,35.5850629,Чернь,village,,Троснянский район,Орловская область
1447888911,52.4800874,35.7314901,Чернодье,village,,Троснянский район,Орловская область
1447905616,52.2991127,35.9115999,Берёзовка,village,,Троснянский район,Орловская область
1447905617,52.3577276,35.8837478,Муравль,village,,Троснянский район,Орловская область
1447905621,52.2999263,35.9790628,Краснопавловский,hamlet,,Троснянский район,Орловская область
1447905623,52.3781127,35.9538694,Турейка,village,,Троснянский район,Орловская область
1447905625,52.3516190,35.7893834,Лопухинка,hamlet,,Троснянский район,Орловская область
1447905631,52.3080336,35.8670538,Ветренка,hamlet,,Троснянский район,Орловская область
1447905632,52.3055422,35.9305685,Никольское,village,,Троснянский район,Орловская область
1447905633,52.3932934,35.8830214,Рудово,hamlet,,Троснянский район,Орловская область
1447905636,52.2959895,36.0281151,Игишево,hamlet,,Поныровский район,Курская область
1447905637,52.2681085,35.7271176,Покровский,hamlet,,Троснянский район,Орловская область
1447905638,52.3281781,35.7855683,Турьи,village,,Троснянский район,Орловская область
1447905640,52.3792130,35.8854623,Алмазовский,hamlet,,Троснянский район,Орловская область
1447905642,52.3766430,35.8864923,Обыдёнки,hamlet,,Троснянский район,Орловская область
1447905644,52.4055042,35.7783585,Новые Турьи,village,,,
1447905648,52.2746186,35.7632523,Старая Головинка,hamlet,,,
1447905650,52.3637016,35.9306093,Соложёнки,hamlet,,Троснянский район,Орловская область
1447905655,52.3090845,35.9986322,Красавка,hamlet,,Троснянский район,Орловская область
1447905659,52.2813955,35.7538967,Редогощь,hamlet,,Троснянский район,Орловская область
1447905660,52.2794001,35.7835083,Ясенок,hamlet,,,
1447905664,52.2738322,36.0061853,Теплое,hamlet,86,Поныровский район,Курская область
1447905669,52.3061208,35.7124405,Колычёвский,hamlet,,Троснянский район,Орловская область
1447905671,52.2540295,35.6693535,Высокое,hamlet,,Троснянский район,Орловская область
1447905677,52.3821469,35.8862434,Александровский,hamlet,,Троснянский район,Орловская область
1447905682,52.3734838,35.9327143,Мишкинский,hamlet,,Троснянский район,Орловская область
1447905690,52.3410538,35.8676117,Масловка,hamlet,,Троснянский район,Орловская область
1447905692,52.3259461,35.8036700,Чермошное,hamlet,,Троснянский район,Орловская область
1447905700,52.3527461,35.8254259,Красноармейский,village,,Троснянский район,Орловская область
1447905712,52.3591958,35.9167995,Дегтярный,hamlet,,Троснянский район,Орловская область
1447905714,52.2622227,35.6469517,Слободка,hamlet,,Троснянский район,Орловская область
1447905715,52.2937835,35.7884865,Крапивка,hamlet,,Троснянский район,Орловская область
1447905719,52.2545522,35.7294350,Лесновка,hamlet,,,
1447905723,52.3873830,35.8860631,Измайлово,hamlet,,Троснянский район,Орловская область
1447905725,52.3629692,35.7985673,Павлово,hamlet,,Троснянский район,Орловская область
1447905726,52.3507015,35.8925004,Могилёвский,hamlet,,Троснянский район,Орловская область
1447905727,52.3747854,35.7930742,Малахова Слобода,village,,Троснянский район,Орловская область
1447919581,52.3278880,35.6857490,Студенок,hamlet,,Троснянский район,Орловская область
1447919583,52.3862829,35.6727009,Рождественское,village,,Троснянский район,Орловская область
1447919585,52.3986468,35.6522732,Чистые Бугры,hamlet,,Троснянский район,Орловская область
1447919592,52.3908429,35.6800823,Пенно-Удельное,hamlet,,Троснянский район,Орловская область
1447919594,52.3608687,35.7169895,Фроловка,hamlet,,Троснянский район,Орловская область
1447919598,52.3666366,35.6849747,Чичирино,village,,Троснянский район,Орловская область
1447919612,52.3590367,36.0190599,Гнилец,village,,Троснянский район,Орловская область
1447919614,52.3212286,36.0875957,Соборовка,hamlet,,Троснянский район,Орловская область
1447919621,52.3553647,35.6832581,Красный Клин,hamlet,,Троснянский район,Орловская область
1447919633,52.2638538,35.7158737,Троицкий,hamlet,,Троснянский район,Орловская область
1447919636,52.4027839,35.6708126,Рождественский,village,,Троснянский район,Орловская область
1447919648,52.4105334,35.6359654,Ладаревские Выселки,hamlet,,Троснянский район,Орловская область
1447919654,52.3460352,35.6767350,Змеёвка,hamlet,,Троснянский район,Орловская область
1447919656,52.3794749,35.6795674,Вечерняя Заря,hamlet,,Троснянский район,Орловская область
1447919662,52.3994821,35.6794815,Пенно-Бырдино,hamlet,,Троснянский район,Орловская область
1447919666,52.3605542,35.6931286,Илюхинский,hamlet,,Троснянский район,Орловская область
1447919677,52.3404507,36.0737019,Бобрик,hamlet,,Троснянский район,Орловская область
1447919687,52.3483920,35.6874638,Студенецкий,hamlet,,Троснянский район,Орловская область
1447932620,52.4409696,35.7697711,Ефратово,hamlet,,Троснянский район,Орловская область
1447932624,52.4062661,35.8113926,Красногорская,isolated_dwelling,,Троснянский район,Орловская область
1447932629,52.4766667,35.7966667,Верхнее Муханово,village,,Троснянский район,Орловская область
1447932631,52.4378810,35.6572460,Ладарево,hamlet,,Троснянский район,Орловская область
1447932662,52.4465675,35.7917824,Малая Тросна,hamlet,,Троснянский район,Орловская область
1447932663,52.4547529,35.7918306,Барково,hamlet,,Троснянский район,Орловская область
1447932665,52.4286974,35.8987661,Средняя Морозиха,hamlet,,Троснянский район,Орловская область
1447932666,52.4390847,35.6310687,Хитровка,hamlet,,Троснянский район,Орловская область
1447932669,52.4255807,35.8914061,Верхняя Морозиха,hamlet,,Троснянский район,Орловская область
1447932672,52.4650000,35.7983333,Игинка,hamlet,,Троснянский район,Орловская область
1447932673,52.4421468,35.8611787,Сомово,village,,Троснянский район,Орловская область
1447932674,52.4298461,35.6917553,Гранкино,village,,Троснянский район,Орловская область
1447932676,52.4476138,35.6472907,Покровское,hamlet,,Троснянский район,Орловская область
1447932678,52.4103737,35.6947594,Яковлево,hamlet,,Троснянский район,Орловская область
1447932680,52.4490262,35.6966863,Лаврово,hamlet,,Троснянский район,Орловская область
1447932682,52.4418328,35.8884256,Нижняя Морозиха,village,,Троснянский район,Орловская область
1447932683,52.4387446,35.8628910,Козловка,hamlet,,Троснянский район,Орловская область
1447932684,52.4325177,35.8460682,Саковнинки,hamlet,,Троснянский район,Орловская область
1448104879,52.1619021,34.9500852,Александровка,hamlet,,Дмитриевский район,Курская область
1448112993,52.1750630,34.9560934,Владимировский,hamlet,,Дмитриевский район,Курская область
1448113006,52.1563207,34.9641615,Беликово,hamlet,,Дмитриевский район,Курская область
1448113028,52.1546356,34.9523168,Буденновский,hamlet,,,
1448135235,52.1170200,34.9523160,Григорьевский,hamlet,,,
1448135248,52.1193395,34.9011617,Ивановский,hamlet,,,
1448145734,52.1739050,34.9650198,Октябрьский,hamlet,,Дмитриевский район,Курская область
1448145782,52.1221853,34.9674230,Хинецкое,hamlet,,,
1448145786,52.1332506,34.8893171,Меркуловка,hamlet,,,
1448145831,52.1287194,34.9533468,Мартовский,hamlet,,,
1448155096,52.3210449,34.9710279,Неварь,hamlet,,,
1448163269,52.3463522,34.9340164,Галицина-Кузнецовка,hamlet,,,
1448257053,52.2940708,34.9753195,Чемерки,hamlet,,,
1448257086,52.2536838,34.9360948,Лобановский,hamlet,,,
1448278901,52.2741182,34.9806410,Лесной,hamlet,,,
1448278914,52.2769541,34.9059683,Кубань,hamlet,,,
1448315481,52.3038337,35.0836378,Черневка,hamlet,,,
1448315484,52.2818903,35.1021772,Гладкое,hamlet,,,
1448315526,52.2463000,35.1380000,Богославка,hamlet,,,
1448342839,52.2620373,35.1584821,Партизанский,hamlet,,,
1448360267,52.2600411,35.1299864,Кошкино,hamlet,,,
1448360276,52.0682951,35.1511007,Новая Першина,village,,,
1448780897,52.0259176,35.2297432,Белый Колодезь,hamlet,,,
1448787089,52.0378516,35.1373894,Дмитриевская Колония,hamlet,,,
1448792435,51.7994473,35.2095390,Трости,hamlet,,Конышёвский район,Курская область
1448803724,52.0543215,35.1717217,Романовка,hamlet,,,
1448803815,52.0441869,35.1016838,Сухой Ровец,hamlet,,,
1448823399,52.2053287,35.2053673,Пальцево,hamlet,,,
1448823416,52.2242607,35.1777298,Каменка,hamlet,,,
1448823495,52.2175302,35.1506073,Киликино,hamlet,,,
1448823514,52.2134284,35.1876862,Кирпиловка,hamlet,,,
1448823549,52.1607188,35.2074808,Моршнево,hamlet,,,
1448910263,51.4042589,38.1670067,Мелавский,hamlet,,,
1448940659,52.1809766,35.2210757,Новопальцевский,isolated_dwelling,,,
1448940722,52.2071780,35.1884601,Роженский,hamlet,,,
1448940816,52.1766608,34.8554370,Погодино,hamlet,,,
1448940835,52.1940266,35.2615878,Таракановка,hamlet,,,
1448988036,52.0878843,34.7796485,Дворики,hamlet,,,
1448988096,52.1200961,34.8068568,Поповкино,village,,,
1449003872,52.0777573,34.8086807,Зелёная Роща,hamlet,,,
1449003921,52.1933952,34.7542426,Заголубище,hamlet,,,
1449003964,52.1912906,34.7339007,Маркино,hamlet,,,
1449007497,52.1784503,34.7599933,Коробкино,hamlet,,,
1449085229,52.0956363,34.8320052,Ульяновский,hamlet,,,
1449085256,52.0161547,34.6920154,Долгий,hamlet,,,Курская область
1449085273,52.0505296,34.7968146,Уютный,hamlet,,,
1449085521,52.0437201,34.8135516,Лозливый,hamlet,,,
1449085643,52.0071738,34.8283145,Почепное,village,,,
1449085695,52.0995381,34.7800777,Пробожье Поле,hamlet,,,
1449085755,52.0662562,34.7944114,Ясная Поляна,hamlet,,,
1449085926,52.1488614,34.8068568,Осоцкое,hamlet,,,
1449085977,52.0849836,34.8187873,Новинки,hamlet,,,
1449099579,52.0904684,35.2712009,Викторовка,hamlet,,,
1449099598,52.0806585,35.0624606,Злыдино,hamlet,,,
1449099840,52.0717961,35.0258109,Жирновский,hamlet,,,
1449302457,52.1993839,35.8926600,Жердево,hamlet,,,
1449302460,52.2512320,35.9576380,Молотычи,village,,,Курская область
1449302462,52.1690216,35.9493942,Сотниково,village,,,
1449310409,52.1408717,37.4371047,Красный,hamlet,,,
1449310410,52.0884992,37.3575461,Нижнее Долгое Первое,hamlet,,,
1449311009,52.0113583,35.8740557,Верхний Хотемль,hamlet,,,
1449311011,51.9631077,35.9271189,Полевой Колодезь,hamlet,,,
1449316954,51.9248172,34.4969402,Георгиевский,hamlet,,Хомутовский район,Курская область
1449316957,51.8092771,34.9850892,Гряды,hamlet,,Конышёвский район,Курская область
1449316958,51.9213491,34.4768557,Культпросвет,hamlet,,Хомутовский район,Курская область
1449316960,51.8927404,35.0972681,Малахово,hamlet,,Конышёвский район,Курская область
1449316961,51.9414561,35.0861846,Хатуша,hamlet,,Конышёвский район,Курская область
1449406079,52.1831366,36.2797191,Возы,village,,,
1449406081,52.2114404,36.2200408,Ленинский,hamlet,,Поныровский район,Курская область
1449687302,52.0335897,34.9108053,Белитино,hamlet,,,
1449687338,52.0483721,35.0472761,Чёрная Грязь,hamlet,,,
1449687369,52.0670543,34.9829031,Шагаро-Петровское,hamlet,,,
1449687530,52.0369690,34.9168135,Жиденовка,hamlet,,,
1449687555,52.0816146,34.9516608,Камариче-Кузнецовка,hamlet,,,
1449687556,52.0756011,34.9737622,Луговой,hamlet,,,
1449687561,52.0397145,34.9780966,Быховка,hamlet,,,
1450274508,51.2475346,35.3637758,Мартыновка,village,,,
1450274509,51.2241556,35.3632355,Михайловка,hamlet,,,
1452678645,52.2872200,35.5135420,Андросово,village,129,Железногорский район,Курская область
1452781348,51.7769239,37.4432098,Мансурово,village,,,
1452781378,51.7585258,37.4411158,Пожидаевка,hamlet,,,
1452781411,51.7773971,37.4610300,Шевченко,hamlet,,,
1453424073,51.7212679,36.5354509,Букреево,hamlet,,,
1453424074,51.7137838,36.5195059,Карасевка,hamlet,,,
1453424075,51.7359293,36.5588006,Петровское,hamlet,,,
1453426959,51.9460231,35.4462635,Вабля,village,,Конышёвский район,Курская область
1453426960,51.9254436,35.4596917,Верхняя Вабля,hamlet,,Конышёвский район,Курская область
1453426961,51.9055394,35.4624204,Глазово,hamlet,,Конышёвский район,Курская область
1453426962,51.9040397,35.4373452,Нижняя Вабля,hamlet,,Конышёвский район,Курская область
1453428047,51.8457571,35.2556582,Прилепы,village,,Конышёвский район,Курская область
1453428048,51.8237519,35.2385410,Толкачёвка,village,,Конышёвский район,Курская область
1453430527,51.8933451,34.9969812,Верхнее Песочное,hamlet,,Конышёвский район,Курская область
1453430543,51.8724811,35.0298302,Липница,hamlet,,,
1453430544,51.8798851,34.9505114,Нижнее Песочное,hamlet,,Конышёвский район,Курская область
1454270415,52.3487510,35.6303520,Городное,village,,,
1454270525,52.1493030,35.5898250,Басово,village,72,Железногорский район,Курская область
1454270594,52.2957760,35.3912390,Веретенино,village,417,Железногорский район,Курская область
1454270709,52.2511250,35.6179920,Копёнки,village,,Железногорский район,Курская область
1454270804,52.1118160,35.6530950,Нижнее Жданово,hamlet,,,
1454270856,52.3192750,35.3283120,Разветье,village,454,Железногорский район,Курская область
1454270857,52.2836910,35.5464100,Новоандросово,village,,,
1454306593,52.1984410,35.6017680,Троицкое,village,261,Железногорский район,Курская область
1454306671,52.3587110,35.2384490,Трояново,village,293,Железногорский район,Курская область
1454306935,52.1246220,35.2858280,Мокрыж,hamlet,114,Железногорский район,Курская область
1454307020,52.1147160,35.2940670,Снецкое,village,214,Железногорский район,Курская область
1454354924,52.3029250,35.5682950,Лев-Толстовский,hamlet,,,
1454354926,52.2517130,35.5349200,Зорино,hamlet,14,Железногорский район,Курская область
1454354964,52.2643170,35.4655230,Солдаты,hamlet,29,Железногорский район,Курская область
1454354966,52.2627450,35.5111500,Хлынино,hamlet,101,Железногорский район,Курская область
1454354980,52.2692070,35.4335560,Остапово,village,139,Железногорский район,Курская область
1454369326,51.6766537,36.5980204,Букреевские Выселки,hamlet,,,
1454713837,52.1510390,35.5564380,Жилино,hamlet,31,Железногорский район,Курская область
1454713846,52.1500890,35.5378990,Комаровка,hamlet,16,Железногорский район,Курская область
1454713852,52.1446150,35.5839040,Басово-Заречье,hamlet,162,Железногорский район,Курская область
1454713896,52.1355530,35.5959216,Ясная Поляна,hamlet,45,Железногорский район,Курская область
1454713899,52.1476670,35.5281140,Протасово,hamlet,12,,
1454713912,52.1382398,35.5621579,Козюлькина,hamlet,14,Железногорский район,Курская область
1454713955,52.1560940,35.5741200,Сухарева,hamlet,21,Железногорский район,Курская область
1454713959,52.1368710,35.6106000,Колесникова,hamlet,31,Железногорский район,Курская область
1454713967,52.1430320,35.5507740,Шатохино,hamlet,,,
1454738164,52.2796762,35.4083849,Рынок,hamlet,,Железногорский район,Курская область
1454738186,52.2629390,35.3451230,Золотой,hamlet,,Железногорский район,Курская область
1454738187,52.2471770,35.4002720,Гнань,hamlet,62,Железногорский район,Курская область
1454738254,52.3045010,35.3602290,Горняцкий,village,,Железногорский район,Курская область
1454738287,52.3082010,35.3502730,Долгая Щека,hamlet,,Железногорский район,Курская область
1454738341,52.2761672,35.4147379,Сторж,hamlet,,Железногорский район,Курская область
1454743654,52.3552210,35.5856210,Сафрошинский,hamlet,,,
1454743690,52.3664400,35.6206400,Коровино,hamlet,,,
1454765964,52.3135720,35.5196110,Макарово,hamlet,,Железногорский район,Курская область
1454826214,52.1801530,35.3507040,Мицень,hamlet,,,
1454826241,52.1054080,35.4582480,Александровка,hamlet,,,
1454826249,52.1202740,35.4271770,Злобино,hamlet,,,
1454910923,52.3777050,35.4184230,Георгиевский,hamlet,8,,
1454910945,52.3920400,35.4137040,Ивановский,hamlet,,,
1454911003,52.3116910,35.6172070,Большебоброво,hamlet,,Железногорский район,Курская область
1454911052,52.4040530,35.4163630,Новая Жизнь,hamlet,14,,
1454911107,52.4262500,35.4520680,Ильинский,hamlet,12,,
1454911115,52.4154130,35.4216000,Благовещенский,hamlet,8,,
1454911143,52.1421890,35.3149110,Погорельцево,hamlet,,,
1454911146,52.4232136,35.4349032,Никольский,hamlet,0,,
1454911173,52.2587010,35.6374630,Богатыревский,hamlet,,Железногорский район,Курская область
1454911181,52.4166180,35.5481990,Громова Дубрава,hamlet,,,
1454911226,52.4280280,35.5534360,Азаровский,hamlet,,,
1455016774,51.2854510,38.3668433,Дмитриевский,village,,Нижнедевицкий район,Воронежская область
1455186748,52.3810620,35.4831280,Пасерково,hamlet,241,,
1455186850,52.4211580,35.5909770,Озерки,hamlet,,,
1455186888,52.3835790,35.4271700,Рясник,hamlet,9,,
1455186908,52.4355430,35.5829510,Светлый Дунай,hamlet,26,Железногорский район,Курская область
1455238722,52.0718730,35.5938530,Трубицыно,hamlet,,,
1455238724,52.0804710,35.5993460,Журавинка,hamlet,,,
1455238732,52.0520309,35.6044095,Основное,hamlet,,,
1455238740,52.0746690,35.5172920,Роговинка,hamlet,,,
1455238744,52.1188550,35.5499080,Веселый,hamlet,,,
1455238756,52.0529290,35.5942800,Сотникова,hamlet,,,
1455238825,52.0643810,35.5924800,Толстовка,hamlet,,,
1455238834,52.0555671,35.6001179,Понизовка,hamlet,,,
1455294092,52.2448460,35.3487210,Зелёный,hamlet,,Железногорский район,Курская область
1455294168,52.0837940,35.6498150,Калиновка,hamlet,,,
1455294261,52.2160910,35.3682020,Пески,hamlet,,Железногорский район,Курская область
1455294328,52.2602920,35.3215980,Каменец,hamlet,,Железногорский район,Курская область
1455294374,52.2025720,35.2937890,Ратманово,hamlet,,,
1455294534,52.2336501,35.3927510,Ленинский,hamlet,,Железногорский район,Курская область
1455294559,52.0993500,35.6536750,Верхнее Жданово,hamlet,,,
1455294613,52.0901760,35.6474110,Клюшниково,hamlet,,,
1455294634,52.0999305,35.6314461,Заречье,hamlet,,,
1455349928,52.2905960,35.2766230,Сбородное,hamlet,,Железногорский район,Курская область
1455349936,52.1076280,35.6342770,Ленина,hamlet,,,
1455349953,52.3194080,35.2313040,Ажово,village,,Железногорский район,Курская область
1455349986,52.2582970,35.1946530,Пролетарский,hamlet,21,Железногорский район,Курская область
1455350030,52.3391840,35.2565380,Осинки,hamlet,,Железногорский район,Курская область
1455350036,52.2954250,35.2934460,Новониколаевский,hamlet,,Железногорский район,Курская область
1455350051,52.1318170,35.6305890,Овсянниково,hamlet,,,
1455350054,52.1227530,35.6441500,Ольшанец,hamlet,,,
1455350098,52.2958980,35.5626236,Мартовский,hamlet,,,
1455350292,52.2957920,35.2713850,Большой Остров,hamlet,,Железногорский район,Курская область
1455395094,52.2861330,35.2288130,Расторог,hamlet,,Железногорский район,Курская область
1455395126,52.3010140,35.1798930,Круглый,hamlet,6,Железногорский район,Курская область
1455395131,52.2987860,35.1712230,Красный,hamlet,0,Железногорский район,Курская область
1455395160,52.3255460,35.1461600,Светловка,hamlet,0,Железногорский район,Курская область
1455395167,52.3351430,35.1468255,Уютный,hamlet,0,Железногорский район,Курская область
1455395174,52.3009607,35.2913412,Уголёк,hamlet,,Железногорский район,Курская область
1455395191,52.3155250,35.1688190,Лубошево,hamlet,61,Железногорский район,Курская область
1455395225,52.2937470,35.2549930,Щека,hamlet,,Железногорский район,Курская область
1455395231,52.3006740,35.3183360,Тепличный,village,,Железногорский район,Курская область
1455395247,52.2434010,35.2437930,Первомайский,hamlet,,,
1455465510,52.2225040,35.6431200,Кривые Выселки,hamlet,,,
1455465561,52.2258680,35.6608850,Гнездилова,hamlet,,,
1455465648,52.1641540,35.4841610,Новый Бузец,hamlet,,,
1455465650,52.1466710,35.5105970,Фоминка,hamlet,,,
1455465723,52.3627470,35.3319660,Погарище,hamlet,46,,
1455465788,52.1259160,35.4899100,Алексеевский,hamlet,,,
1455465811,52.1772610,35.4439930,Громашовка,hamlet,,,
1455465846,52.1923663,35.4500001,Жидеевка,hamlet,100,,
1455465969,52.1998370,35.5330842,Старый Бузец,hamlet,,,
1455504999,52.3719560,35.2460330,Ольховка,hamlet,,,
1455505038,52.3396115,35.2072367,Гавриловский,hamlet,,Железногорский район,Курская область
1456185333,52.1462032,36.6478521,2-я Казанка,village,,,
1456223480,51.9725300,36.2555620,Апальково,village,,,
1456223666,52.0792886,36.6207296,Коптевка,hamlet,,,
1456223833,52.0529591,36.5548545,Белый Колодезь,hamlet,,,
1456247972,51.8897296,36.5509492,Гремячка,hamlet,,,
1456248065,51.9810680,36.4785960,1-я Воробьевка,hamlet,,,
1456263247,52.0163000,36.2080000,Дмитриевка,village,,,
1456263288,52.1042319,36.3984281,Боево,village,,,
1456277974,52.1103996,36.3094646,1-е Новоспасское,village,,,
1456278034,52.1058661,36.4755899,Революционное,hamlet,,,
1456335236,52.0296844,36.3481091,Солнечный,village,2751,Золотухинский район,Курская область
1456335289,52.1775044,36.5864831,Седмиховка,hamlet,,,
1456335385,51.9763095,36.5556270,Демякино,hamlet,,,
1456335438,52.0676823,36.1753541,Сергиевское,hamlet,,,
1456335445,52.1364845,36.3998443,Фентисово,village,,,
1456527886,52.1412795,36.6819694,Ануфриевка,hamlet,,,
1456576200,52.1673727,36.6707631,Луги,hamlet,,,
1456576269,52.1410688,36.6471221,1-я Казанка,hamlet,,,
1456576300,52.1376184,36.6543319,Залесье,hamlet,,,
1456576351,52.1577260,36.6793750,Букреевка,hamlet,,,
1456576358,52.1157772,36.6539027,Можаевка,hamlet,,,
1456576391,52.1276871,36.7001226,Понаринка,hamlet,,,
1456576397,52.1519713,36.6816690,Бугры,hamlet,,,
1456576442,52.1431231,36.6878917,Бесединка,hamlet,,,
1456627384,51.9862492,36.2491681,Умеренково,hamlet,,,
1456627584,51.9566120,36.2561204,Пойменово,hamlet,,,
1457520036,51.2711886,35.2971929,Ивашковский,hamlet,,,
1457520047,51.3106170,35.3151352,Косица,hamlet,,,
1457520055,51.2790100,35.3082582,Правда,hamlet,,,
1457520063,51.3168057,35.3355933,Русское Поречное,village,,,
1457520076,51.2977844,35.3294123,Черкасское Поречное,village,,,
1457527639,51.2391680,35.2621747,Богдановка,hamlet,,,
1457527640,51.2411861,35.2493292,Казачья Локня,village,605,,
1457527938,51.2277015,35.2564780,2-й Княжий,hamlet,,,
1457530532,51.4045700,34.9202400,Коренево,village,,,
1457530533,51.3925317,34.8925550,Лобановка,hamlet,,,
1457530534,51.4155956,34.9278468,Никипеловка,hamlet,,,
1457642515,52.0001483,35.3406645,Яндовище,hamlet,,Конышёвский район,Курская область
1457660643,51.7940627,35.1737396,Хрылёвка,hamlet,,Конышёвский район,Курская область
1457676185,51.7701312,35.0092927,Барабан,hamlet,0,,
1457676192,51.7829445,34.9964255,Липница,hamlet,,,
1457717444,51.9572410,36.7943000,Большая Алексеевка,hamlet,,,
1460393001,52.2922717,36.4169866,Первомайское,village,,Поныровский район,Курская область
1460393013,52.3000901,36.4025155,Прилепы,hamlet,,Поныровский район,Курская область
1460666330,51.8965021,35.1905525,Артаково-Вандарец,hamlet,,Конышёвский район,Курская область
1460678867,51.8637964,35.0428585,Богатырь,hamlet,,Конышёвский район,Курская область
1460678889,51.9419368,35.4588483,Вожово,hamlet,,Конышёвский район,Курская область
1460678907,51.9795702,35.5053093,Волково,hamlet,,Конышёвский район,Курская область
1460678924,51.9447354,35.5550889,Лукьянчиково,hamlet,,Конышёвский район,Курская область
1460678945,51.9643496,35.4705821,Орлянка,hamlet,,Конышёвский район,Курская область
1460678962,51.9858443,35.4182415,Рассвет,hamlet,,Конышёвский район,Курская область
1460678987,51.9735668,35.5037108,Рыжково,hamlet,,Конышёвский район,Курская область
1460679002,51.8687254,34.9521598,Сныткино,hamlet,,,
1460679017,51.8927019,34.9706051,Ясный,hamlet,,Конышёвский район,Курская область
1460810659,51.8437581,35.3583935,Дрёмово-Черемошки,hamlet,,Конышёвский район,Курская область
1460810669,51.8658033,35.3641872,Тураевка,hamlet,,Конышёвский район,Курская область
1460817424,51.8786959,35.3790383,Котлево,hamlet,,Конышёвский район,Курская область
1460817425,51.8864153,35.3374777,Севенки,hamlet,,Конышёвский район,Курская область
1460846498,51.9467477,35.2126469,Александровка,hamlet,,Конышёвский район,Курская область
1460846504,52.0187932,35.1149979,Арбузово,hamlet,,Конышёвский район,Курская область
1460846507,51.9480060,35.1894490,Арсеньевка,hamlet,,Конышёвский район,Курская область
1460846509,52.0108320,35.1039104,Будановский,hamlet,,Конышёвский район,Курская область
1460846511,51.9325345,35.2338688,Верхняя Соковнинка,hamlet,,Конышёвский район,Курская область
1460846512,51.8885741,35.2904939,Сосонки,hamlet,,Конышёвский район,Курская область
1460846515,51.8365176,35.3337650,Якимов,hamlet,,Конышёвский район,Курская область
1460867703,51.9271190,35.0165456,Первомайский,hamlet,,Конышёвский район,Курская область
1460867705,51.9345959,35.2724101,Соковнинка,hamlet,,Конышёвский район,Курская область
1460878349,51.9216854,35.0587920,Троицкий,hamlet,,Конышёвский район,Курская область
1460984868,52.0622605,36.4996824,Басово,hamlet,,,
1460984974,52.0736045,36.4853058,Лутовка,hamlet,,,
1460985065,52.0889537,36.5544853,Кондринка,hamlet,,,
1460985079,52.0747387,36.4693842,Ржавая Плота,hamlet,,,
1460985109,52.0691464,36.4773665,Сергеевка,hamlet,,,
1460985191,52.0816489,36.4509521,Каменка,hamlet,,,
1461103571,51.9770791,35.2635016,Верхопрудка,hamlet,,Конышёвский район,Курская область
1461103573,52.0382313,35.3787461,Заслонки,hamlet,,Конышёвский район,Курская область
1461103575,52.0336841,35.3367530,Мармыжи,hamlet,,Конышёвский район,Курская область
1461103576,51.9808427,35.2429654,Матвеевка,hamlet,,Конышёвский район,Курская область
1461103578,51.9953981,35.2069886,Пересветово-Белица,hamlet,,Конышёвский район,Курская область
1461103580,51.9772282,35.3419735,Форсов,hamlet,,Конышёвский район,Курская область
1461118563,52.0795654,36.6445646,Мартьяновка,hamlet,,,
1461118611,52.0306142,36.6122065,Мужланово,hamlet,,,
1461118818,52.0599650,36.6230641,2-е Вереитиново,hamlet,,,
1461118839,52.0833896,36.6254244,Слободка,hamlet,,,
1461118862,52.0477731,36.6146956,Нижний Штевец,hamlet,,,
1461118920,51.8349366,35.5525175,Запрутье,hamlet,,Курчатовский район,Курская область
1461118922,51.8246113,35.5590403,Костельцево,village,,Курчатовский район,Курская область
1461118923,51.8764842,35.5187167,Пучков,hamlet,,Конышёвский район,Курская область
1461118925,51.8658073,35.5100705,Яковлево,hamlet,,Конышёвский район,Курская область
1461118984,52.0130262,36.6010485,Пузановка,hamlet,,,
1461119049,52.0861322,36.6320763,Рогозинка,hamlet,,,
1461119065,52.0641866,36.6183863,1-е Вереитиново,hamlet,,,
1461119067,51.9428166,36.3314114,2-я Гусиновка,hamlet,,,
1461119095,52.0906677,36.6235790,Кононыхинка,hamlet,,,
1461119337,51.9283698,36.4067707,Мощенка,hamlet,,,
1461119367,51.9767112,36.3810108,Кузьминка,hamlet,,,
1461119486,51.9830103,36.4060412,Коврашовка,hamlet,,,
1461119586,51.9669371,36.3245020,1-я Гусиновка,hamlet,,,
1461125108,51.8879990,35.4916067,Берёзовец,hamlet,,Конышёвский район,Курская область
1461125109,51.8812515,35.4734032,Макеев,hamlet,,Конышёвский район,Курская область
1461125110,51.8848689,35.4576215,Озеровка,hamlet,,Конышёвский район,Курская область
1461215382,51.9591629,36.4784394,Старый Сухоребрик,hamlet,,,
1461215420,51.9797062,36.5104113,Луганка,hamlet,,,
1461215431,51.9773536,36.4468966,Новый Сухоребрик,hamlet,,,
1461215507,52.0038862,36.3753138,2-я Воробьевка,hamlet,,,
1461215713,51.9978622,36.4003334,3-е Уколово,hamlet,,,
1461215887,51.9600870,36.4864650,3-я Воробьевка,hamlet,,,
1461215907,51.9029576,36.5598498,Новая Слободка,hamlet,,,
1461215934,52.0059761,36.4243565,4-е Уколово,hamlet,,,
1461216201,51.9926831,36.4159117,1-е Уколово,hamlet,,,
1461216438,51.9219652,36.5730677,Винокурня,hamlet,,,
1461216548,51.9839618,36.4526901,2-е Уколово,hamlet,,,
1461633925,52.0551702,36.2477299,Бурцева,hamlet,,,
1461633953,52.0092830,36.1585518,Останкова,hamlet,,,
1461633997,52.0530854,36.2536093,Родительское,hamlet,,,
1461634039,52.0295410,36.2011680,Шумская,hamlet,,,
1461634313,52.0353214,36.3691159,Донское,hamlet,,,
1461634447,52.0110264,36.2648102,1-я Сухая Неполка,hamlet,,,
1461634574,52.0637016,36.3776370,Буклята,hamlet,,,
1461634694,52.0925737,36.3523575,Лиман,hamlet,,,
1461635323,52.0432145,36.2584587,Оклино,hamlet,,,
1461683810,52.0474640,36.3489242,Реутово,hamlet,,,
1461683821,52.0295129,36.4296909,Чаплыгино,hamlet,,,
1461683996,52.0960276,36.3767763,Тишино,hamlet,,,
1461684004,52.0459595,36.4332958,Степь,hamlet,,,
1461684089,52.0812346,36.3453623,Щурово,village,,,
1461684090,52.0651440,36.4462130,Матвеевка,hamlet,,,
1461684098,52.1070204,36.3794263,Хутарка,hamlet,,,
1461790279,51.8971197,36.4657935,Жерновецкие Выселки,hamlet,,,
1461790701,51.9163630,36.2735210,Шумская,hamlet,,,
1461790704,51.9286156,36.2631794,Переверзево,hamlet,,,
1461791064,51.9347812,36.2543817,Прилепы,hamlet,,,
1461791124,51.8910218,36.2498327,Терепша,hamlet,,,
1462421968,51.8613312,35.4743062,Лисицын,hamlet,,Конышёвский район,Курская область
1462422018,51.8163557,35.4439626,Павловка,hamlet,,Конышёвский район,Курская область
1462422047,51.8359587,35.4630589,Юрьевка,hamlet,,Конышёвский район,Курская область
1462999613,51.9493918,36.1345839,Нижнее Шеховцово,hamlet,,,
1462999622,51.9393921,36.1431670,Жизлово,hamlet,,,
1462999784,51.9270879,36.1611700,Посашки,hamlet,,,
1462999878,51.9524204,36.0975909,Верхнее Шеховцово,hamlet,,,
1463000079,51.9697149,36.1105070,2-е Боево,hamlet,,,
1463000115,51.9362172,36.1527371,Хворостово,hamlet,,,
1463000149,51.9271541,36.1532521,Барбинка,hamlet,,,
1463000151,51.9185523,36.1590027,Старосельцево,hamlet,,,
1463000350,51.9765093,36.1031699,1-е Боево,hamlet,,,
1463047312,52.1072252,36.4680361,Халтурино,hamlet,,,
1463047458,52.1261462,36.2743163,1-е Скородное,hamlet,,,
1463047472,52.1296502,36.5192771,Косогор,hamlet,,,
1463047524,52.0992116,36.4606547,Николаевка,hamlet,,,
1463047534,52.0901419,36.4461922,Некрасово,hamlet,,,
1463047560,52.1144730,36.3202786,2-е Новоспасское,hamlet,,,
1463047605,52.1326534,36.5297055,Нижнее Упалое,hamlet,,,
1463047670,52.1350768,36.5374088,Петровский,hamlet,,,
1463047706,52.1220886,36.4964032,Загатное,hamlet,,,
1463047723,52.0776681,36.2938428,Дерлово,hamlet,,,
1463047902,52.1263569,36.2871480,2-е Скородное,hamlet,,,
1463065650,52.0041255,36.3489890,Никулино,village,,,
1463066009,51.9814260,36.3445258,Дубовец,hamlet,,,
1463145063,52.1504313,36.3984704,Коронино,hamlet,,,
1463145899,52.0442920,36.1547970,Александровка,hamlet,,,
1463146082,52.1463233,36.4082121,Батуровка,hamlet,,,
1463146262,52.0789868,36.1714053,Телегино,hamlet,,,
1463146344,52.1425572,36.4824128,Новокоронинские Выселки,hamlet,,,
1463146486,52.0908802,36.2170243,Печки,hamlet,,,
1463146520,52.1310460,36.4149060,Букреевка,hamlet,,,
1463146639,52.0453200,36.1384463,2-е Конево,hamlet,,,
1463146913,52.1546443,36.4201426,Михайловка,hamlet,,,
1463146978,52.0405952,36.1356139,1-е Конево,hamlet,,,
1463147006,52.0959161,36.1499047,Сороковые Дворы,hamlet,,,
1463147014,52.0428917,36.1201644,3-е Конево,hamlet,,,
1463216140,51.9904120,36.5694451,Шестопалово,hamlet,,,
1463216237,51.9895135,36.5088057,Батурино,hamlet,,,
1463216489,51.9579479,36.5689301,Чурилово,hamlet,,,
1463216597,51.9847563,36.5433526,Гусинка,hamlet,,,
1463217635,51.9747510,36.5848080,Александровка,hamlet,,,
1463217707,51.9908084,36.5301346,Озерово,hamlet,,,
1463868115,51.7652688,38.0449859,Озерки,hamlet,,,
1463868150,51.8096248,38.1179764,Дмитриевка,hamlet,,Касторенский район,Курская область
1463868364,51.7679778,38.0690185,Евгеньевка,hamlet,,,
1463868377,51.7634096,38.0562297,Садовый,hamlet,,,
1463868572,51.7902413,38.0961303,Азарово,hamlet,,,
1463868633,51.7562376,38.0868284,Новодворский,village,,,
1464088552,52.1657624,36.5965484,Ивановка,hamlet,,,
1464207396,52.1922359,36.6303228,Нижний Даймен,hamlet,,,
1464207482,52.1931829,36.5870212,Марфинка,hamlet,,,
1464207484,52.1882630,36.5437620,Матвеевка,hamlet,,,
1464207682,52.1907100,36.5493845,Марфинские Выселки,hamlet,,,
1464207755,52.1778169,36.6539263,Редькино,hamlet,,,
1464524130,51.8222679,38.2226108,Успенка,village,,,
1464524326,51.7402011,37.8917764,Александровский,village,,,
1464524451,51.6684971,37.9879926,Бычок,hamlet,,,
1464524531,51.8390823,38.1234764,Ленинский,village,,Касторенский район,Курская область
1464524539,51.7119703,37.8219103,Матвеевка,hamlet,,,
1464524585,51.8544326,38.1766056,Андреевка,village,,Касторенский район,Курская область
1464524594,51.7604728,38.3765911,Орехово,village,,,
1464524669,51.8698041,38.3038067,Семеновка,village,,,
1464524958,51.6937252,37.8629373,Жерновец,village,,,
1464524963,51.8529747,38.1890510,Знамя-Архангельская,hamlet,,Касторенский район,Курская область
1464524986,51.7219674,38.0858396,Красная Долина,village,,,
1464525049,51.8050492,37.9230617,Лачиново,village,,,
1464525156,51.6837484,38.1739448,Олым,village,,Касторенский район,Курская область
1464525157,51.8247082,38.0036138,Егорьевка,village,,,
1464815465,52.0001240,35.1270462,Белый Ключ,hamlet,,Конышёвский район,Курская область
1464815470,51.9907712,35.1076292,Гринёвка,hamlet,,Конышёвский район,Курская область
1464815475,52.0055275,35.1403933,Кусаково-Белица,hamlet,,Конышёвский район,Курская область
1464815479,52.0078483,35.1780944,Олешенка,hamlet,,Конышёвский район,Курская область
1466741255,51.7551005,37.9967844,Раздолье,hamlet,,,
1466741512,51.9026543,38.1463747,Прокуророво,hamlet,,,
1466741533,51.7609180,38.0236924,Евграфовка,hamlet,,,
1466741543,51.8901172,38.1531250,Бухловка,hamlet,,,
1466741577,51.7856672,37.9309952,Никольский,hamlet,,,
1466741627,51.8745937,38.1493485,3-я Успенка,hamlet,,,
1466741701,51.9287439,38.1433403,Ольховатка,hamlet,,,
1466741724,51.7314509,37.8696692,Алексеевка,hamlet,,,
1466741733,51.7332583,37.8368819,Никольское,hamlet,,,
1466741750,51.9158544,38.1258309,Слизневка,hamlet,,,
1466804922,51.9181308,38.2082283,Скакун,hamlet,,,
1466943703,51.6784469,38.0139506,1-я Алексеевка,hamlet,,,
1466943748,51.6675085,37.9979002,2-я Алексеевка,hamlet,,,
1466943783,51.6903403,38.0422747,Петровка,hamlet,,,
1466943798,51.6742156,38.0158389,Братское Объединение,hamlet,,,
1466943873,51.6998900,38.0717575,Спасовка,hamlet,,,
1466943883,51.6827310,38.0254948,Братская Бочаровка,hamlet,,,
1466944002,51.6882785,38.0490554,Алексеевка,hamlet,,,
1468555840,51.8988033,38.4201103,Малиновка,hamlet,,,
1468556022,51.9344722,38.4152072,Нарезки,hamlet,,,
1468557883,51.8849251,38.3849090,Колганчик,hamlet,,,
1468557999,51.8931293,38.4145098,Агарчик,hamlet,,,
1468559940,51.9079912,38.3998650,Верхотопье,hamlet,,,
1468933650,51.4510978,34.8414849,Дубрава,hamlet,,,
1468933673,51.5353743,34.8982790,Ковыневка,hamlet,,,
1468933763,51.4687242,34.8367292,Пушкарожадинский,hamlet,,,
1468933799,51.5255717,34.8119994,Секерино,hamlet,,,
1469663872,51.2614856,34.8890426,Бяхово,hamlet,,,
1469663886,51.2312151,34.8878395,Викторовка,hamlet,,,
1469663984,51.2430567,34.8800586,Внезапное,hamlet,,,
1469664000,51.2060378,34.8740312,Гордеевка,hamlet,,,
1469664070,51.2135120,34.9342515,Успеновка,hamlet,,,
1469695503,51.3021341,34.8427091,10-й Октябрь,isolated_dwelling,0,,
1470504432,51.4997496,35.1015260,Михайловка,hamlet,,,
1470504433,51.4902725,35.2128809,Мордвин,hamlet,,,
1470504444,51.5068639,35.1464120,Петровское,hamlet,,,
1470531694,51.4210003,34.9900483,Ветрено,hamlet,,,
1470531696,51.4146987,35.0368683,Дуровка,hamlet,,,
1470531700,51.4141001,35.0150150,Жеболовка,hamlet,,,
1470531702,51.4152591,35.1023095,Журавли,hamlet,,,
1470531704,51.4108904,34.9872626,Матвеевка,hamlet,,,
1470531707,51.4494161,35.1329500,Скрылёвка,hamlet,,,
1470572814,51.4675457,34.9799235,Александровка,hamlet,,,
1470572817,51.5296515,34.9502711,Старостинка,hamlet,,,
1470572820,51.5131695,35.0195826,Южный,hamlet,,,
1470637354,51.8188160,35.2986088,Тростница,hamlet,,Конышёвский район,Курская область
1470639601,52.0064980,35.0521720,Пески,hamlet,,Конышёвский район,Курская область
1470733680,51.8614431,38.0710882,Ольховатка,hamlet,,,
1470733854,51.8384458,38.3941549,Горяиново,village,,,
1470734347,51.8624767,37.9875320,Вознесеновка,hamlet,,,
1470734456,51.8602769,38.0384725,2-я Сергеевка,hamlet,,,
1470734545,51.8712481,38.3556169,Садовый,hamlet,,,
1470734549,51.8470099,38.4283370,Рогатка,hamlet,,,
1470734804,51.8709699,38.4006995,Орлов,hamlet,,,
1470758671,51.7910225,38.2121938,Октябрь,hamlet,,,
1470758764,51.7796335,38.1795353,Благодать,hamlet,,,
1470758873,51.8374515,38.0576128,Краснознаменка,hamlet,,Касторенский район,Курская область
1470758898,51.8267903,37.9635423,Красовские Участки,hamlet,,,
1471109185,51.6762159,38.1544505,Качановка,hamlet,,Касторенский район,Курская область
1471109385,51.6601926,38.1477986,Васильевка,hamlet,,Касторенский район,Курская область
1471109809,51.8626736,37.8430997,2-е Никольское,hamlet,,,
1471109852,51.8206462,38.0792977,Никольско-Ключевская,village,,Касторенский район,Курская область
1471110114,51.6746990,38.1310187,Суковкино,hamlet,,Касторенский район,Курская область
1471110134,51.8669138,38.0958281,Михнево,hamlet,,,
1471110268,51.8305148,38.3289443,Окоп,hamlet,,,
1471110326,51.8282605,37.9156695,Успено-Раевка,hamlet,,,
1471110404,51.6853429,38.1511889,Гвоздевка,hamlet,,,
1471111475,51.8343337,38.1126509,Знамя-Колтовская,hamlet,,Касторенский район,Курская область
1471111565,51.9024889,38.1183158,Михайло-Хлюстино,hamlet,,,
1471111584,51.7016232,38.1225644,Петровка,hamlet,,,
1471111643,51.7186688,38.1283150,Николаевка,hamlet,,,
1471111689,51.6415760,38.1308084,Васильевский,hamlet,50,Касторенский район,Курская область
1471121221,52.4875530,38.3162570,Нестеровка,hamlet,,,
1471121364,52.4935650,38.3257450,Троицкое,hamlet,,,
1471211394,52.3647580,38.4781610,Калединовка,hamlet,,,
1471211645,52.3711090,38.4668460,Пашинино,hamlet,,,
1471211650,52.3749080,38.4315640,Новопетровский,hamlet,,,
1471211809,52.4435620,38.3449900,Орановка,hamlet,,,
1471211889,52.3801500,38.4015240,Грибоедово,hamlet,,,
1471211917,52.3372610,38.4961280,Бурелом,hamlet,,,
1471236303,51.7794457,38.3617316,Плоское,hamlet,,,
1471236479,51.7725419,38.3786402,Заверх,hamlet,,,
1471236568,51.6868993,38.3730143,Курбатов,hamlet,,,
1471238362,51.7372360,38.4577976,Владимировка,hamlet,,,
1472005523,51.7300200,38.2175360,Белогорье,hamlet,,,
1472005564,51.7342400,38.2628900,Лозовка,hamlet,,,
1472005645,51.7429097,38.2010565,Гудовка,hamlet,,,
1472005667,51.7382858,38.2588635,Погожево,hamlet,,,
1472008822,51.6152642,34.7837710,Березники,village,,,
1472008824,51.6062467,34.7642872,Стропицы,hamlet,,,
1472011016,51.8706368,38.3232794,Новотроицкая,hamlet,,,
1472088314,51.8992431,38.3070068,Малая Троицкая,hamlet,,,
1472088365,51.8884377,38.3563702,Дальний Нарезной,hamlet,,,
1472088509,51.7933014,38.1701069,Бунино,hamlet,,Касторенский район,Курская область
1472088721,51.8730129,38.2894652,Зубахин,hamlet,,,
1472089171,51.8731786,38.2713871,Волжанчик,hamlet,,,
1472089232,51.9029768,38.3525400,Резвый Колодезь,hamlet,,,
1472094324,51.8127003,38.2643919,Петровка,hamlet,,,
1472107389,51.8346343,38.2035174,2-я Успенка,hamlet,,,
1472107398,51.8352177,38.2128729,2-я Вишняковка,hamlet,,,
1472107445,51.8294629,38.2124867,1-я Вишняковка,hamlet,,,
1472107541,51.8287998,38.2253613,Сукмановка,hamlet,,,
1472107716,51.8214791,38.2363047,Обуховка,hamlet,,,
1472115463,52.3549859,35.4344538,Михайловский,hamlet,,,
1472213107,52.3097348,38.3421901,Братовщина,village,,,
1472213116,52.3155590,38.4084970,Молодовка,hamlet,,,
1472213436,52.3098070,38.3726500,Анненка,hamlet,,,
1472213455,52.3095923,38.4614117,Царёвка,hamlet,,Долгоруковский муниципальный округ,Липецкая область
1472213571,52.2969944,38.4947361,Гринёвка,hamlet,,,
1472213575,52.3082200,38.4925456,Жерновное,village,,,
1472243089,52.2111550,38.4206390,Елизаветовка,hamlet,,,
1472243093,52.2177552,38.3881537,Дроновка,hamlet,,,
1472243268,52.2147330,38.3698730,Райский,hamlet,,,
1472243331,52.2135200,38.3354950,Засосная,hamlet,,,
1472243333,52.2238678,38.3330290,Каменка,hamlet,,,
1472243350,52.2179370,38.3956640,Красный Луч,hamlet,,,
1472243417,52.2235918,38.3906428,Орловка,hamlet,,,
1472243480,52.1915365,38.3834340,Хутор-Березовка,village,,,
1472243673,52.2183340,38.3536490,Тульское,hamlet,,,
1472243675,52.1527140,38.3272130,Петровское,village,,,
1472243726,52.2218961,38.3424918,Спасская,hamlet,,,
1472276322,52.0391350,38.3935620,Никольское,hamlet,,,
1472276680,52.0286257,38.4342448,Михайловка,hamlet,,,
1472277595,52.0735440,38.3975110,Казинка,village,,,
1472513228,51.8360674,35.9373309,Топорок,hamlet,,,
1472513647,51.8588803,35.8967974,Пронское,hamlet,,,
1472513677,51.8456261,35.9143069,Пахомово,hamlet,,,
1472513678,51.8656915,35.8973982,Фроловка,hamlet,,,
1472540491,51.8253926,35.9470084,Потапово,hamlet,,,
1472540563,51.9190054,35.9091999,Воскресеновка,hamlet,,,
1472540575,51.8070606,35.9785082,Гнездилово,hamlet,,,
1472540585,51.9018237,35.8986428,Верхнее Бартенево,hamlet,,,
1472540604,51.8180183,35.9620716,Шумаков,hamlet,,,
1472540637,51.9017973,35.9038378,Николаевка,hamlet,,,
1472540782,51.8236951,35.9693672,Мельников,hamlet,,,
1472540837,51.8366110,35.9270098,Веревкино,hamlet,,,
1472540855,51.8324741,35.9304001,Толмачево,hamlet,,,
1472540922,51.8813241,35.8995869,Калинин,hamlet,,,
1472574502,51.8375921,35.9961464,Новореченский,hamlet,,,
1472574554,51.8770588,35.8687737,Волобуевка,hamlet,,,
1472574567,51.8770058,36.0249426,Николаевка,hamlet,,,
1472574583,51.8766627,35.8749943,Хреновец,hamlet,,,
1472574603,51.8716802,35.8919050,Нижнее Бартенево,hamlet,,,
1472574676,51.8591454,36.0183766,Александровка,hamlet,,,
1472574792,51.8691364,36.0113814,Дроняево,hamlet,,,
1472574835,51.8805558,35.8537533,Корелово,hamlet,,,
1472574932,51.8666985,36.0307791,Журавлин,hamlet,,,
1472880489,51.6539990,36.0497170,Ворошнево,village,5091,Курский район,Курская область
1472880490,51.6938100,36.0343590,Духовец,village,,,
1472928918,51.6386260,36.0629160,Духовец,hamlet,,,
1473049843,51.6758920,36.4356990,Алябьево,hamlet,,,
1473049871,51.6855245,36.4384024,Чуйкова,hamlet,,,
1473050022,51.6944368,36.4449255,Кутепова,hamlet,,,
1473050102,51.6541445,36.4662115,Кувшинное,hamlet,,,
1473050153,51.6605340,36.4400332,Беломестное,hamlet,,,
1473093294,51.7187438,36.4953081,Воронцово,hamlet,,,
1473093394,51.7314241,36.4682715,2-е Красниково,hamlet,,,
1473093406,51.7386000,36.5171950,Малое Мальцево,hamlet,,,
1473093447,51.7306533,36.5124314,Городище,hamlet,,,
1473093707,51.7221734,36.4819615,Шеховцово,hamlet,,,
1473363982,51.8434995,36.5362374,Водяное,hamlet,,,
1473363989,51.8203015,36.4910465,2-е Винниково,hamlet,,,
1473364400,51.8280680,36.4635620,Каменево,hamlet,,,
1473444293,51.6523825,36.0264082,Рассыльная,village,,,
1473511604,51.8775330,36.2715800,Волобуево,hamlet,,,
1473511691,51.8361768,36.2534297,Чурилово,hamlet,,,
1473512009,51.8643486,36.2592959,Куркино,hamlet,,,
1475359311,51.6897909,36.2832142,Клюквинский,hamlet,,,
1475359360,51.6949651,36.3052298,Сахаровка,village,,,
1475359472,51.7208936,36.3538100,Долгое,village,,,
1475359663,51.7035165,36.3317944,Дурнево,hamlet,,,
1475359664,51.6981571,36.3753535,Звягинцево,hamlet,,,
1475359716,51.6944197,36.3929917,Якунино,hamlet,,,
1475378704,51.6454069,36.3815977,Большое Шумаково,village,,,
1475378829,51.6745442,36.3570715,Введенское,village,,,
1476574569,51.6682780,36.3175390,Букреевка,hamlet,,,
1476574574,51.6876438,36.2537475,Толмачево,hamlet,,,
1476574801,51.6749800,36.2731320,Лебяжье,village,,,
1476574884,51.6336031,36.3009371,Новоселовский,hamlet,,,
1476575015,51.6662410,36.2943909,Роговка,hamlet,,,
1476575177,51.5955425,36.2921567,2-е Безлесное,hamlet,,,
1476575224,51.5908102,36.3054176,Красный Пахарь,hamlet,,,
1476666591,51.5806167,36.2700715,Мурыновка,hamlet,,,
1476666826,51.5777831,36.2652328,Млодать,hamlet,,,
1476667064,51.6156784,36.3527157,Радино,hamlet,,,
1476690358,51.5745826,36.2780645,Хоружевка,hamlet,,,
1476824362,51.5679510,36.2577670,Семёновка,hamlet,,,
1476824412,51.5690989,36.2694622,Смородное,hamlet,,,
1478084190,51.7001130,36.0992703,Зубков,village,315,Курский район,Курская область
1478084433,51.7556553,36.0863742,Гремячка,village,,,
1478084447,51.7028915,36.0569859,Майская Заря,hamlet,,,
1478084502,51.6982230,36.0761180,2-я Моква,village,310,Курский район,Курская область
1478088101,51.2327402,36.0322094,Старая Кривцовка,hamlet,,,
1478088107,51.2336192,36.0186407,Шевелёво,village,,,
1478208522,51.5879303,36.6080531,Демино,hamlet,,,
1478208650,51.6310120,36.5163001,Майково,hamlet,,,
1478208743,51.6041124,36.6042980,Лисово,hamlet,,,
1478208783,51.6331430,36.4868602,Хвостово,hamlet,,,
1478208851,51.6515580,36.6613540,Ивановка,hamlet,,,
1478208943,51.6097237,36.5991692,Ельково,hamlet,,,
1478209250,51.6190896,36.5685925,Муравлево,hamlet,,,
1478209312,51.6140290,36.5866200,Зорино,hamlet,,,
1478271243,51.8531473,36.1210411,Конево,hamlet,,,
1478657383,51.2218226,35.8720650,Долженково,village,,,
1478657384,51.2064164,35.9548688,Рыбинские Буды,village,,,
1478657385,51.2271797,35.8597717,Филатово,village,,,
1479286499,51.6449949,36.0958369,Новопоселеновка,village,,,
1479286511,51.8914647,36.0569556,Пашино,hamlet,35,,
1479351002,51.6344613,36.1501678,Кислино,village,,,
1479399023,51.6715109,36.1944028,Голубицкое,village,,,
1479399107,51.6760220,36.2102050,Зорино,village,,,
1479445174,51.5743562,36.1310704,Берёзка,hamlet,,,
1479445178,51.5700484,36.0853012,Заповедный,hamlet,,,
1479445187,51.5960618,36.0563977,Александровка,hamlet,,,
1479445236,51.5707286,36.0582860,Екатериновка,hamlet,,,
1479461705,51.6125571,35.6811675,Лукашевка,hamlet,,,
1479461728,51.6556436,35.7013704,Успенка,village,524,Курчатовский район,Курская область
1479929301,51.6172494,35.5761180,Дружная,village,,,
1479929315,51.6055616,35.5604847,Комякино,hamlet,,,
1479929316,51.5760993,35.5716615,Любицкое,hamlet,,,
1479974260,51.8370567,36.3573952,Шагарово,hamlet,,,
1479974303,51.7308090,36.5407296,Большое Мальцево,hamlet,,,
1479979724,51.7504473,36.6002531,1-е Писклово,hamlet,,,
1480013912,51.7637582,36.5888071,2-е Писклово,hamlet,,,
1480013924,51.7509808,36.5376949,Безобразово,hamlet,,,
1480014002,51.5942230,36.5658490,Верхнее Гуторово,village,,,
1480014134,51.6391772,36.4451695,Колодное,village,,,
1480014166,51.8005561,36.5357637,Семидесный,hamlet,,,
1480014479,51.7585521,36.5755892,Троица,hamlet,,,
1480067379,51.5702051,36.5217847,Кизилово,hamlet,,,
1480305734,51.7163392,35.9618955,Хардиково,hamlet,,,
1480305926,51.7282492,35.9550291,Тутово,hamlet,,,
1480306160,51.7051973,35.9579044,Пименово,hamlet,,,
1480360111,51.6911042,35.7310611,Александровский,hamlet,,Курчатовский район,Курская область
1480360114,51.7122029,35.6694238,Гупово,hamlet,,Курчатовский район,Курская область
1480360115,51.7176629,35.6619666,Дроняевский,hamlet,,Курчатовский район,Курская область
1480360116,51.7021857,35.7541850,Золотухино,hamlet,,Курчатовский район,Курская область
1480360117,51.7205961,35.5169703,Кабановка,hamlet,,,
1480360118,51.7423225,35.5518732,Кожля,hamlet,,,
1480360119,51.7375585,35.4923280,Красный Хутор,hamlet,,Курчатовский район,Курская область
1480372528,51.7919200,35.9241300,Жердево,hamlet,,,
1480372556,51.7785133,36.0066133,1-е Анпилогово,hamlet,,,
1480372561,51.7454707,35.9595352,Жиляево,hamlet,,,
1480372622,51.7915749,36.0086303,2-е Анпилогово,hamlet,,,
1480372669,51.7739993,35.9884172,Малое Лукино,hamlet,,,
1480372670,51.7367013,35.9540849,Саморядово,hamlet,,,
1480372672,51.7572403,35.9658008,Нартово,hamlet,,,
1480372711,51.7861596,35.9820228,Большое Лукино,hamlet,,,
1480418056,51.9508498,36.0339075,Ивановка,hamlet,42,,
1480418059,51.9174836,35.9915500,Нижняя Заболоть,hamlet,,,
1480418136,51.9371465,36.0288005,1-е Шемякино,hamlet,125,,
1480418259,51.9322249,35.9502225,Верхняя Заболоть,hamlet,,,
1480805170,51.4813965,35.5737650,Аннино-Гусиновка,hamlet,,,
1480805175,51.5356810,35.5485695,Бородино,hamlet,,,
1480805186,51.5029703,35.6186749,Никольский,hamlet,,,
1480805193,51.4981872,35.5382928,Новосергеевка,village,,,
1480805208,51.5192617,35.5191490,Павловка,hamlet,,,
1480805217,51.5205403,35.6079414,Рязаново,hamlet,,,
1480805224,51.5287914,35.6100959,Солдатское,hamlet,,,
1480852160,51.7797363,36.2470701,Саблин,hamlet,,,
1480913037,51.8236270,36.3248830,Семеновка,hamlet,,,
1480949083,51.8045030,36.2702358,Ушаково,village,,,
1480963026,51.8006272,36.2577668,Лазурный,village,,,
1481050847,51.4628730,37.3417151,Круглый Лес,hamlet,,,
1481076143,51.3526163,37.1705760,Белый Колодезь,hamlet,100,,
1481100279,51.8389089,35.6346171,Болваново,hamlet,,Курчатовский район,Курская область
1481100280,51.8277273,35.5191196,Журавинка,hamlet,,Курчатовский район,Курская область
1481100285,51.7825357,35.4959392,Загрядское,hamlet,,Курчатовский район,Курская область
1481100290,51.8100988,35.4894080,Мармыжи,hamlet,,Курчатовский район,Курская область
1481100292,51.8445781,35.5912936,Мухино,hamlet,,Курчатовский район,Курская область
1481100294,51.8999436,35.6392549,Раздолье,hamlet,,Курчатовский район,Курская область
1481116316,51.3733494,37.0868409,2-е Засеймье,village,,,
1482522565,51.4053080,37.3977576,Александровка,hamlet,,,
1482528781,51.4097383,37.3554001,Меловой Колодезь,hamlet,,,
1482528894,51.4061365,37.3876274,Камышенка,hamlet,,,
1482538506,51.3573547,37.3063923,Мочаги,hamlet,3,,
1482538546,51.3899121,37.3400365,Красная Заря,hamlet,,,
1482582876,51.4368332,37.3278485,Дубрава,hamlet,,Мантуровский район,Курская область
1482582898,51.4216085,37.3021207,Крутое,hamlet,,Мантуровский район,Курская область
1482680726,51.4575884,37.2340999,Лобовы Дворы,hamlet,,Мантуровский район,Курская область
1482714091,51.5138930,37.4530192,Заосколье,hamlet,,,
1483216544,51.7637048,35.6148068,Афанасьевка,hamlet,,Курчатовский район,Курская область
1483216545,51.7565324,35.6085624,Дурнево,hamlet,,Курчатовский район,Курская область
1483216546,51.7755450,35.6033032,Жмакино,hamlet,,Курчатовский район,Курская область
1483216555,51.7992948,35.6087290,Рогово,hamlet,,Курчатовский район,Курская область
1483216556,51.7907312,35.5984615,Соглаево,hamlet,,Курчатовский район,Курская область
1483216557,51.7748957,35.6503356,Чечевизня,hamlet,,Курчатовский район,Курская область
1490561942,51.7438861,35.7411100,Березуцкое,hamlet,,Курчатовский район,Курская область
1490561943,51.7721948,35.6966391,Верхнее Сосково,hamlet,,Курчатовский район,Курская область
1490561944,51.7580089,35.7064781,Нижнее Сосково,hamlet,,Курчатовский район,Курская область
1490561945,51.7208212,35.7376652,Плаксино,hamlet,,Курчатовский район,Курская область
1490561946,51.7635272,35.7130590,Фаустово,hamlet,,Курчатовский район,Курская область
1490609984,51.4404358,35.2963091,Генераловка,hamlet,,,
1490609986,51.3981108,35.2928784,Дьяковка,hamlet,,,
1490609989,51.4198172,35.3001146,Ивница,hamlet,,,
1490609995,51.4311888,35.3049205,Исаковка,hamlet,,,
1490610054,51.4119319,35.2908162,Красный Посёлок,hamlet,,,
1490610055,51.4483685,35.3064584,Машкино,hamlet,,,
1490610056,51.4241827,35.3017414,Мерзловка,hamlet,,,
1490610057,51.4103450,35.2383155,Новосёловка,hamlet,,,
1490610058,51.4098616,35.2452911,Хитровка,hamlet,,,
1490633981,51.3771520,35.2866843,Камышевка,hamlet,,,
1490633986,51.3355815,35.1817643,Кругленькое,hamlet,,,
1490633992,51.3063532,35.2052723,Никольский,hamlet,,,
1495151602,51.3761804,35.2379612,Марьевка,hamlet,,,
1496080855,51.2595304,35.2650974,Зазулевка,hamlet,,,
1496080856,51.2534469,35.2670597,Кубаткин,hamlet,,,
1496080857,51.2736890,35.2651283,Южный,hamlet,,,
1496081077,51.2211496,35.2595323,1-й Княжий,hamlet,,,
1496087642,51.2143760,35.4218599,Пушкарное,hamlet,,,
1496088574,51.2044702,35.3276807,Мирный,village,,,
1496645263,51.3791412,37.1367694,Трубацкое,hamlet,,,
1496645310,51.5723160,37.2233726,Заломное,hamlet,,,
1496645466,51.4948718,37.1002699,1-е Засеймье,village,,Мантуровский район,Курская область
1496645655,51.3726049,37.0210696,Суволочное,hamlet,,,
1496645728,51.5409948,37.0442325,Орловка,hamlet,,,
1496645732,51.4857866,37.0369483,Рябиново,hamlet,,Мантуровский район,Курская область
1496645980,51.5208347,37.0806791,Верхосеймье,hamlet,,Мантуровский район,Курская область
1496645994,51.4754371,37.0608972,Засеймская Сеть,isolated_dwelling,,Мантуровский район,Курская область
1496646132,51.5316749,37.1583987,Роговое,village,,,
1496646252,51.5460355,37.3295022,Криволаповка,hamlet,,,
1496646300,51.5542015,37.3340083,Заречье,village,,,
1496646314,51.5402171,37.3501445,Александровка,hamlet,,,
1496646862,51.3717476,37.0402099,Грачевка,hamlet,,,
1496647065,51.5474634,37.1852423,Шиповка,hamlet,,,
1496697025,51.5526004,37.4397517,Безлепкино,hamlet,,,
1496697026,51.5728228,37.4476482,Петровский,hamlet,,,
1496697029,51.5084961,37.4391509,Луговка,hamlet,,,
1496697033,51.3391270,37.0626910,Сейм,village,,,
1496697035,51.3513823,37.0749713,Бочаровка,hamlet,,,
1496697036,51.4418850,36.9661380,Колодезек,hamlet,,Мантуровский район,Курская область
1496697037,51.4251903,36.9642497,Гребенное,hamlet,,Мантуровский район,Курская область
1496697038,51.4841816,37.5109474,Стужень,village,,,
1496697039,51.4848780,37.4474765,Лески,hamlet,,,
1496697040,51.4924482,37.4721022,Гусли,hamlet,,,
1496697056,51.5065729,37.4700500,Угол,hamlet,,,
1496697057,51.5333301,37.4048187,Савиловка,hamlet,,,
1496697059,51.5394697,37.4351169,Разбираевка,hamlet,,,
1496697090,51.3901758,37.1553947,Нечаево,hamlet,,Мантуровский район,Курская область
1496697091,51.5554422,37.1931816,Илюшины Дворы,hamlet,,,
1496697105,51.4989061,37.4553944,Репец,hamlet,,,
1496697121,51.4924670,37.2076656,Пузачи,village,,,
1497330706,51.5373195,36.1593644,Осиновый,hamlet,,,
1497330708,51.5064050,36.1784820,Рождественка,hamlet,,,
1497330709,51.4996597,36.1626956,Большая Владимировка,hamlet,,,
1497330710,51.5620247,36.2377116,Васильевка,hamlet,,,
1497330711,51.5190778,36.2096879,2-я Андреевка,hamlet,,,
1497330716,51.5451070,36.2221334,Лучня,hamlet,,,
1497330717,51.5276758,36.2097737,Березовый,hamlet,,,
1497330721,51.5362988,36.2252233,1-я Андреевка,hamlet,,,
1497330722,51.5413170,36.1801622,2-е Петропавловские Выселки,hamlet,,,
1497330724,51.5559148,36.2317893,Петропавловка,hamlet,,,
1497330726,51.5063648,36.1638543,Малая Владимировка,hamlet,,,
1497330727,51.5154720,36.2040670,Садовый,hamlet,,,
1497330728,51.5207068,36.2507150,Стрелица,hamlet,,,
1497330729,51.5459611,36.2290213,Шатовка,hamlet,,,
1497330744,51.5104515,36.1896035,Цуриково,hamlet,,,
1497403934,51.5388347,36.0424468,Николаевка,hamlet,,,
1497403938,51.5432654,36.1646268,Тарусовка,hamlet,,,
1497403955,51.5386663,36.1372803,2-е Панино,hamlet,,,
1497403957,51.4459040,35.9785880,Звягинцево,hamlet,,,
1497403962,51.4160969,36.0481975,Ленинская Искра,hamlet,,,
1497403963,51.4499148,35.9688899,Кондратьевка,hamlet,,,
1497403969,51.4631783,35.9992740,Свиридов,hamlet,,,
1497403978,51.5031059,35.9737823,Спокоевка,hamlet,,,
1497404175,51.4787710,36.0311780,Орешное,hamlet,,,
1497404188,51.5069258,36.0499570,Черниченские Дворы,hamlet,,,
1497404189,51.5574097,36.2379523,Спартак,isolated_dwelling,,,
1497404201,51.4333300,35.9860561,Высокое,village,,,
1497404203,51.5300786,36.0912845,Панинский,hamlet,,,
1497404234,51.4680442,36.0798261,Красная Новь,hamlet,,,
1497404246,51.5446367,36.1365661,Чаплыгин Лог,hamlet,,,
1497525247,51.4657717,36.3372323,2-я Рождественка,hamlet,,,
1497525256,51.4741926,36.3473603,Знаменский,hamlet,,,
1497525280,51.4257569,36.3034688,Нижний Дубовец,hamlet,,,
1497525340,51.4015346,36.4459369,Заикин,hamlet,,,
1497525389,51.4401252,36.4226768,Кленовое,hamlet,,,
1497525391,51.3909848,36.4211318,Верхний Дунаец,hamlet,,,
1497525395,51.4120820,36.3660285,Вышний Дубовец,village,,,
1497525455,51.3320056,36.0300443,Горки,hamlet,,,
1497525458,51.3379311,36.0221049,Карташовка,hamlet,,,
1497525474,51.3753430,36.0208175,Ивановка,hamlet,,,
1497525475,51.3154585,36.0140369,Реутчанский,hamlet,,,
1497525537,51.4112790,36.3551280,Леоновка,hamlet,,,
1497525538,51.3900207,36.3616511,Трубацкое,hamlet,,,
1497525543,51.4256241,36.2809274,Андреевка,hamlet,,,
1497525545,51.4315561,36.2894150,Новая Аксеновка,hamlet,,,
1497525592,51.4507519,36.3061638,Знаменка,hamlet,,,
1497744813,51.3144718,35.0827811,Зелёный Шлях,hamlet,,,
1497744815,51.2810590,35.0683866,Нижний Клин,hamlet,,,
1497744816,51.2876964,35.0127505,Покровский,hamlet,,,
1497744821,51.3030551,35.0391481,Толстый Луг,hamlet,,,
1497781460,51.4109043,36.0410735,Ильичевский,hamlet,,,
1497781579,51.3732260,36.0941160,Ближний,hamlet,,,
1497781589,51.3624292,36.1131284,Танеевка,hamlet,,,
1497781605,51.3920560,36.0906429,Большая Радина,hamlet,,,
1497781648,51.3430248,36.2179706,Драчевка,village,,,
1497781650,51.3450085,36.1220119,Монастырский,hamlet,,,
1497781653,51.4200181,36.1418192,Петровка,hamlet,,,
1497781670,51.4082274,36.2356517,Красный Кут,hamlet,,,
1497781834,51.5059107,35.8119056,Домра,hamlet,,,
1497781836,51.5016633,35.8064983,Песочное,hamlet,,,
1497781840,51.4869146,35.7919929,Ивановка,hamlet,,,
1497781845,51.4824249,35.7314822,Благодатное,hamlet,,,
1497781915,51.4125906,36.2071130,Красная Поляна,hamlet,,,
1497781952,51.4128850,36.1828229,Косилов,hamlet,,,
1497781960,51.4109043,36.1672017,Садовый,hamlet,,,
1497782014,51.4568144,36.2542340,Кувшиновка,hamlet,,,
1497782019,51.4488450,35.9238288,Спасское,village,,,
1497782046,51.5076470,35.9230992,Степь,hamlet,,,
1497782062,51.4350155,36.2734172,Масловка,hamlet,,,
1497782071,51.4382026,35.9007450,1-я Переверзевка,hamlet,,,
1497782074,51.4407875,35.9295369,Спасские Выселки,hamlet,,,
1497782076,51.4716264,35.7564590,Тарасово,hamlet,,,
1497782087,51.3876774,35.8993885,Мерцаловка,hamlet,,,
1497782093,51.4411149,35.9370896,Кондратьевские Выселки,hamlet,,,
1497782094,51.3861911,35.8615587,Гольевка,hamlet,,,
1497782096,51.4472135,35.9511230,Константиновка,hamlet,,,
1497782115,51.3849591,35.8855483,Рязанцевка,hamlet,,,
1497782116,51.5093865,35.9347776,Воробжа,hamlet,,,
1497782122,51.5225492,35.9240005,Андриановка,hamlet,,,
1497782127,51.3793611,36.0268256,Нижний Реутец,village,,,
1497782129,51.4478019,36.2716148,Зыбовка,hamlet,,,
1497782132,51.3771914,35.8861920,Пустое,hamlet,,,
1497782136,51.3617325,35.8377406,Гахово,hamlet,,,
1497782142,51.4698888,36.3153026,Красное,hamlet,,,
1497782146,51.3826021,35.8758924,Курасы,hamlet,,,
1497782147,51.4543275,36.2869355,Губановка,hamlet,,,
1497782153,51.3723410,35.9035720,Кореневка,hamlet,,,
1497782156,51.3926986,35.8755061,Кофановка,hamlet,,,
1497782159,51.3466168,35.9046886,2-й Липовец,hamlet,,,
1497782160,51.3356790,35.8919856,1-й Липовец,hamlet,,,
1497782162,51.3741107,35.8950326,Покровский,hamlet,,,
1497782170,51.3932340,36.0009920,Александровка,hamlet,,,
1497782172,51.3796290,35.9002254,Ванино,hamlet,,,
1497782173,51.3418854,35.9205243,Степь-Хмелевое,hamlet,,,
1497782175,51.3303029,35.8445642,Звягинцево,isolated_dwelling,,,
1497782176,51.3647872,35.8989379,Средний,hamlet,,,
1497782178,51.3462381,35.9138993,Красный Май,hamlet,,,
1497782180,51.3491967,35.9391388,Степь,isolated_dwelling,,,
1497782187,51.3494480,35.9175470,Рожновка,hamlet,,,
1497782188,51.3654302,35.8737037,Любач,village,,Медвенский район,Курская область
1497782194,51.3393252,35.8253810,Поляна,isolated_dwelling,,,
1497782204,51.4241572,35.9803531,Организация,hamlet,,,
1497782218,51.4697070,35.8047490,Белый Колодезь,hamlet,,,
1497782252,51.4813558,35.8042237,Александровка,hamlet,,,
1497782274,51.4645418,35.7714364,Глебово,hamlet,,,
1497782279,51.4322331,35.7625959,Липник,hamlet,,,
1497782281,51.4412754,35.8167979,1-е Плесы,hamlet,,,
1497782294,51.4262395,35.8200166,2-е Плесы,hamlet,,,
1497782314,51.4888130,35.7189212,Красновка,hamlet,,,
1497782324,51.4355953,35.8627562,2-я Гостомля,hamlet,,,
1497782329,51.4445655,35.8536193,1-я Гостомля,village,,,
1497782341,51.4525357,35.8027217,Самсоново,hamlet,,,
1497782406,51.4501555,35.8824155,Свидное,hamlet,,,
1497782414,51.4459282,35.8983815,2-я Переверзевка,hamlet,,,
1497782416,51.4330299,36.2610143,Романовка,hamlet,,,
1497842422,51.5032156,36.3850534,Нижняя Камышевка,hamlet,,,
1497842424,51.4901747,36.3393781,1-я Китаевка,village,,,
1497842429,51.5152192,36.3963720,Моздок,hamlet,,,
1497842435,51.5010671,36.3674466,Разбегайловка,hamlet,,,
1497842437,51.5006750,36.2990800,Зелёная Степь,hamlet,,,
1497842439,51.5057119,36.3766852,Егоров,hamlet,,,
1497842442,51.4909228,36.3505790,2-я Китаевка,hamlet,,,
1497842445,51.4851508,36.3719079,1-е Никольское,hamlet,,,
1497842448,51.4946745,36.3660242,Верхняя Камышевка,hamlet,,,
1497842451,51.5114665,36.3803622,Барыбин,hamlet,,,
1497842495,51.5203596,36.4267966,Денисовка,hamlet,,,
1497875634,51.5070410,36.4089154,Лубянка,hamlet,,,
1497875661,51.4995708,36.4444157,Шумовка,hamlet,,,
1497875673,51.4914619,36.3955995,2-е Никольское,hamlet,,,
1497978440,51.5709740,34.5817278,Барамыково,hamlet,,,
1497978441,51.5706591,34.5438573,Боброво,hamlet,,,
1497978442,51.5795081,34.5892889,Верхнее Лухтоново,hamlet,,,
1497978443,51.5610416,34.4883836,Дугино,hamlet,,,
1497978444,51.5336255,34.4777049,Коренское,hamlet,,,
1497978445,51.5433632,34.5360512,Карьково-Каменка,hamlet,,,
1497978446,51.5662470,34.5693393,Кулига,hamlet,,,
1497978447,51.5652630,34.5438062,Матохино,hamlet,,,
1497978448,51.5690506,34.5309032,Перецелуево,hamlet,,,
1497978449,51.5486763,34.4875433,Щёкино,village,,,
1498281427,51.3627741,37.0879285,Зареченка,hamlet,,,
1498305173,51.6601626,35.9257819,Репина,village,,,
1498305176,51.6599127,35.9657078,Маслова,village,,,
1498588807,51.5353444,35.9180527,Плотава,village,,,
1498588819,51.5344902,35.8758669,Скрипкин,hamlet,,,
1498588821,51.5184435,35.8910589,Шатов,hamlet,,,
1498588822,51.5397222,35.8260422,Верхние Постоялые Дворы,hamlet,,,
1498588823,51.5353711,35.7679348,Озерки,hamlet,,,
1498588832,51.5615778,35.7706814,Донцы,hamlet,,,
1498588834,51.5576824,35.7990913,Советская Деревня,hamlet,,,
1498588851,51.5506379,35.9258632,Гремячка,hamlet,,,
1498588856,51.5447133,35.9413128,Юрьевка,hamlet,,,
1498588858,51.5574690,35.9386520,Первомайский,hamlet,,,
1498588861,51.5408165,35.9631138,Лебедин,hamlet,,,
1498588863,51.5673002,35.9695081,Горбулино,hamlet,,,
1498588864,51.5693675,35.8399467,Чермошной,hamlet,,,
1498588867,51.5404428,35.7702522,Калиновка,hamlet,,,
1498588870,51.5533064,35.7657890,Черкассы,hamlet,,,
1498588872,51.5790760,35.7598667,Покровское,hamlet,,,
1498588875,51.5914488,35.7703380,Курьянов,hamlet,,,
1498588876,51.5895291,35.7607250,Яковлевка,hamlet,,,
1498588879,51.5852095,35.7600384,Михайловка,hamlet,,,
1498588881,51.6030185,35.7702522,Стрешневка,hamlet,,,
1498588884,51.6033920,35.7214575,Алексеевка,hamlet,,,
1498588887,51.6071765,35.7705955,Журавлинка,hamlet,,,
1498588889,51.6220995,35.7752304,Стрешневский,hamlet,,,
1498588891,51.6677440,35.7825260,Нижняя Малыхина,hamlet,,,
1498588894,51.6370708,35.8498601,Половнева,hamlet,,,
1498588897,51.6396277,35.8621769,Реутова,hamlet,,,
1498588910,51.5182299,35.9166794,Охочевка,hamlet,,,
1498843819,51.7255788,35.8204257,Верхняя Горбулина,hamlet,,,
1498843855,51.6842766,35.9123074,Ванина,village,,,
1498843864,51.6729404,35.8828675,Сеймский,hamlet,,,
1498844004,51.7196504,35.7483279,Нижняя Плаксина,hamlet,,,
1498946768,51.8383069,35.7149512,Никольское,hamlet,,,
1498946773,51.8073247,35.7439067,Дюмина,hamlet,,,
1498946839,51.7926750,35.7666518,Нижняя Мазнева,hamlet,,,
1498946855,51.8121538,35.7772090,Быканово,hamlet,,,
1498946864,51.8292902,35.8683612,Соколовка,hamlet,,,
1498946922,51.8166109,35.7295301,Стоянова,hamlet,,,
1498946926,51.7856670,35.7758357,Рожкова,hamlet,,,
1498946928,51.7422407,35.8418824,2-я Малая Долженкова,hamlet,,,
1498946955,51.8051488,35.8483197,Малая Гостева,hamlet,,,
1498947005,51.7735331,35.8490064,Покровский,hamlet,,,
1498947029,51.7743032,35.7944610,Пыжова,hamlet,,,
1498947032,51.7595631,35.8009412,Большое Умрихино,hamlet,,,
1498947073,51.8413031,35.8027437,Филиппова,hamlet,,,
1498947147,51.7718336,35.8569457,Дмитриевка,hamlet,,,
1498947187,51.7881093,35.8483627,Малая Умрихина,hamlet,,,
1498947189,51.7973465,35.8491781,Соболева,hamlet,,,
1498947190,51.7873129,35.8571174,Колосовка,hamlet,,,
1498947195,51.8141967,35.8547141,Ильича,hamlet,,,
1498947198,51.8106945,35.8389642,Большое Гостево,hamlet,,,
1498947263,51.8189724,35.8298081,Балычево,hamlet,,,
1498947328,51.8242773,35.7264831,Провоторова,hamlet,,,
1498947334,51.7980365,35.7548072,Верхняя Мазнева,hamlet,,,
1498947337,51.7515138,35.8470752,1-я Малая Долженкова,hamlet,,,
1498947338,51.7638396,35.8478048,Заречье,hamlet,,,
1498947339,51.7602803,35.8084514,Волобуево,hamlet,,,
1498947347,51.7748608,35.7987096,Перькова,hamlet,,,
1498947360,51.8074308,35.7813289,Закубановка,hamlet,,,
1498947365,51.8350180,35.7116550,Якшина,hamlet,,,
1498947367,51.8221153,35.7735623,Шуклинка,hamlet,,,
1498947374,51.8415840,35.7055586,Позднякова,hamlet,,,
1498947385,51.8355755,35.8236863,Алябьева,village,,,
1498947387,51.8186802,35.7351520,Косинова,hamlet,,,
1498947402,51.8336131,35.8696916,Андриановка,hamlet,,,
1499236361,52.2551654,36.3610294,Березовец,village,,,
1499236392,52.2133750,36.4832950,Цуриково,hamlet,,,
1499236482,52.3492188,36.2978580,Тишина Лощина,hamlet,,Поныровский район,Курская область
1499236487,52.3557963,36.2905472,Широкое Болото,hamlet,,Поныровский район,Курская область
1499236511,52.3373682,36.2448146,Ржавец,hamlet,,Поныровский район,Курская область
1499236549,52.2100361,36.4290502,Бобровка,hamlet,,,
1499236575,52.2334607,36.4269044,Заболотское,hamlet,,,
1499236588,52.1974380,36.4327838,Маньшино,hamlet,,,
1499236605,52.1912560,36.4111545,Воробьевка,hamlet,,,
1499236627,52.3134131,36.4137327,Северный,hamlet,,Поныровский район,Курская область
1499236760,52.1725205,36.4081075,Горяйново,village,,,
1499236772,52.1759156,36.4914920,Каменец,hamlet,,,
1499236888,52.3063755,36.3498663,Горелое,hamlet,,Поныровский район,Курская область
1499236912,52.2047764,36.3284995,Брусовое,village,,,
1499236916,52.1868359,36.3377263,Тифинское,hamlet,,,
1499237429,52.3178549,36.1857631,Снава,hamlet,,,
1499288148,51.5345774,36.4442451,Любимовка,hamlet,,,
1499631039,52.2848998,36.1064772,Кашара,hamlet,,Поныровский район,Курская область
1499631134,52.3183857,36.0998038,Подсоборовка,hamlet,,Поныровский район,Курская область
1499631431,52.1932089,36.1078505,Становое,village,,,
1499631488,52.2781260,35.9858421,Буросовка,hamlet,,Поныровский район,Курская область
1499631554,52.2565902,36.1251883,Ольховатка,village,,Поныровский район,Курская область
1499645016,52.2740298,36.2190441,2-е Поныри,village,,Поныровский район,Курская область
1499645195,52.2891788,36.2363390,Карпуневка,hamlet,,Поныровский район,Курская область
1499645199,52.2748438,36.2376265,Дерловка,hamlet,,Поныровский район,Курская область
1499662719,52.2907013,36.2205033,Большая Дорога,hamlet,,Поныровский район,Курская область
1499662754,52.2962920,36.2002901,Битюг,hamlet,,Поныровский район,Курская область
1499678182,52.2356483,36.2246660,Степь,hamlet,,Поныровский район,Курская область
1499678183,52.2559597,36.2398152,Городище,hamlet,,Поныровский район,Курская область
1499678191,52.1419067,36.2709717,Михайловка,hamlet,,,
1499678192,52.1642090,36.2432913,Матвеевка,hamlet,,,
1499678193,52.1462864,36.2591335,Красавка,hamlet,,,
1499678390,52.1622873,36.2331204,Хаповка,hamlet,,,
1499678394,52.1540203,36.2314896,Гнилое,hamlet,,,
1499678396,52.1438556,36.2053970,Родниковая,hamlet,,,
1499678397,52.1807376,36.2135080,Нижнесмородино,hamlet,,,
1499678398,52.2053790,36.2033580,Красный Октябрь,hamlet,,Поныровский район,Курская область
1499797385,51.2875669,37.0487390,Павловка,hamlet,,,
1499797390,51.2993481,37.0669351,Девятигорье,hamlet,,,
1499797491,51.2335320,36.9975400,Троицкое,hamlet,,,
1499797745,51.2783599,37.0607982,Владимировка,hamlet,,,
1499797837,51.2621426,37.1252570,Прудки,hamlet,,,
1499798003,51.2386422,37.1165438,Масловка,hamlet,0,,
1499798121,51.2556433,36.9554839,Черновец,village,,,
1499798219,51.2572011,37.0063386,Верхнеплоское,hamlet,,,
1499798522,51.3058948,36.9791732,Васильевка,hamlet,,,
1499798527,51.3266022,36.9238982,Дубки,hamlet,,,
1499798608,51.2989187,36.9923911,Шатиловка,hamlet,,,
1500767667,51.3312946,35.3821032,Новочеркасский,hamlet,,,
1501015581,51.5093367,34.7127874,Износково,village,,Рыльский район,Курская область
1501015593,51.5352807,34.7238646,Малогнеушево,village,,,
1502653710,52.0278550,34.4851490,Прилепы,hamlet,,Хомутовский район,
1504710378,51.6528689,34.9269956,Велье,hamlet,,,
1504710379,51.6346547,34.9784599,Зеленино,hamlet,,,
1504993193,51.6940646,34.7150692,Агарково,hamlet,,,
1504993194,51.6508898,34.8045889,Асмолово,hamlet,,,
1504993200,51.6410733,34.6686699,Боблов,hamlet,,,
1504993203,51.6442124,34.7174700,Высторонь,hamlet,,,
1504993206,51.6406131,34.6413422,Жилино,hamlet,,,
1504993211,51.6307736,34.7017550,Журятино,hamlet,,,
1504993220,51.6710731,34.7984117,Игнатьево,hamlet,,,
1504993223,51.6312670,34.7940694,Кольтичеево,hamlet,,,
1504993224,51.6671596,34.6717411,Могилевка,hamlet,,,
1504993225,51.6733929,34.6514762,Шустовка,hamlet,,,
1506105682,51.7173673,34.5460241,Большегнеушево,village,,,
1506105683,51.6728152,34.5593410,Городище,hamlet,,,
1506105684,51.6776018,34.5423272,Макеево,village,,,
1513959324,51.6466288,34.1770238,Городище,hamlet,,,
1513959387,51.6565393,34.2904393,Качанов,hamlet,,,
1513959446,51.6335773,34.1994487,Козино,village,,Рыльский район,Курская область
1513959457,51.6608500,34.2737974,Красный Пахарь,hamlet,,,
1513959494,51.6146207,34.2519459,Крупец,hamlet,,,
1513959510,51.6502110,34.2869000,Обеста,hamlet,,Рыльский район,Курская область
1516835093,51.2312417,36.8853205,Малые Сети,hamlet,,,
1516836235,51.3512594,36.9872874,Отрадное,hamlet,,,
1516836536,51.3593531,36.8763512,Залесье,hamlet,,,Курская область
1516836546,51.3479358,36.8598932,Горка,hamlet,,,Курская область
1521670262,51.2093833,36.7146745,Ярыгино,village,,,
1521670349,51.2473299,36.8401161,Прилепы,hamlet,,,
1521670542,51.2063183,36.8270698,Пристенное,village,,,
1521670554,51.2446435,36.4128509,Красниково,village,,,
1521670558,51.2315316,36.7371192,2-е Плоское,hamlet,,,
1521670569,51.2928675,36.8611446,Покровка,hamlet,,,
1521670581,51.2519233,36.6936675,Свободный,hamlet,,,
1521670596,51.2433271,36.6368690,Ржавчик,hamlet,,,
1521670654,51.2188729,36.6810718,Вихровский,hamlet,,,
1521671428,51.3090740,36.4597574,Машкин,hamlet,,,
1521671430,51.2892175,36.4107910,Яковлевка,hamlet,,,
1521671432,51.3700117,36.4774385,Казначеевский,hamlet,,,
1521671436,51.2666761,36.4255949,Котово,village,,,
1521671446,51.3643047,36.4469257,Переезд,hamlet,,,
1521671448,51.2660959,36.8125855,Северное Двоелучное,hamlet,,,
1521671464,51.2457718,36.8164268,Южное Двоелучное,hamlet,,,
1521671676,51.2641030,36.6769948,Озерский,hamlet,,,
1521702897,51.2516816,36.4864078,Еринка,hamlet,,,
1521702956,51.2801370,36.6977393,Прудки,hamlet,,,
1521702962,51.2885788,36.6747147,Мокренький,hamlet,,,
1521702969,51.2679563,36.7145458,Озерки,hamlet,,,
1521702981,51.3697511,36.4162168,Бекет,hamlet,,,
1521775165,51.2928138,36.6197458,Чибисовка,hamlet,,,
1521775173,51.3723157,36.3910928,Версковое,hamlet,,,
1521775182,51.3379578,36.5967861,Шлях,hamlet,,,
1521775215,51.3796824,36.3759866,Крючок,hamlet,,,
1521775236,51.3356788,36.5647712,Зелёный,isolated_dwelling,,,
1522928875,51.2016823,36.2117844,Трубеж,village,,,
1523017569,51.2257141,36.2947821,Стрелецкое,village,,,
1523017582,51.2273804,36.2756848,Пушкарное,village,,,
1523017592,51.3418861,36.3043522,Потопахино,hamlet,,,
1523017593,51.3241620,36.3072700,Котельниково,village,620,Обоянский район,Курская область
1523017604,51.3038290,36.3936580,Гремячка,hamlet,,,
1523017609,51.3098410,36.3813440,Малые Крюки,village,,,
1523017610,51.2658626,36.2230277,Пасечный,hamlet,,,
1523017611,51.3678825,36.3564515,Успеновка,hamlet,,,
1523017612,51.3031080,36.3195486,Полукотельниково,hamlet,,,
1523017614,51.2428779,36.3555073,Хмелевой Колодезь,hamlet,,,
1523017617,51.2640232,36.3018202,Кулига,hamlet,,,
1523017619,51.2496275,36.3092017,Рудавский,village,,,
1523017664,51.3085516,36.2279200,Точилина Пасека,hamlet,,,
1523017678,51.2762936,36.1666798,Знаменка,hamlet,,,
1523017683,51.2647751,36.1533331,Быканово,village,,,
1523017693,51.2124086,36.2101531,Кочегуровка,hamlet,,,
1523017702,51.2275954,36.2205386,Нагорный,hamlet,,,
1523017736,51.3836340,36.3235783,Ильиновский,hamlet,,,
1523017740,51.2397681,36.3565802,Тимофеев,hamlet,,,
1523022213,51.6124354,34.7299607,Висколь,hamlet,13,Рыльский район,Курская область
1523022219,51.6611823,34.2544279,Реза,hamlet,,,
1523022222,51.6636791,34.1912365,Титов,hamlet,,,
1523052953,51.6054790,34.2886635,Валетовка,hamlet,,,
1523052956,51.6100631,34.3032431,Воронок,hamlet,,,
1523052958,51.6158739,34.3433289,Золотарёвка,hamlet,,,
1523052959,51.6070042,34.3070615,Кукарековка,hamlet,,,
1523052961,51.6241334,34.3137466,Новоивановка,hamlet,,,
1523052971,51.6339990,34.3234136,Рыжевка,village,,,
1523052972,51.6209217,34.3229001,Сембаза,hamlet,,,
1523052974,51.6312840,34.3487199,Тереховка,hamlet,,,
1523052985,51.6119660,34.3243006,Труфановка,hamlet,,,
1523117549,51.6131230,34.4231525,Викторовка,hamlet,,,
1523117552,51.6132262,34.4572773,Михайловка,village,,,
1523117554,51.6346152,34.4437686,Успешное,hamlet,,,
1523647410,51.2628117,35.9785224,Башкатово,village,,,
1523647459,51.2488319,35.8388973,Лыков,hamlet,,,
1523647496,51.2206312,36.0959388,Луневка,hamlet,,,
1523647516,51.3108020,35.8960820,Пролетарский,hamlet,,,
1523647524,51.2201474,36.0882569,Гридасово,village,,,
1523647551,51.3050205,35.9028385,Чермошное,hamlet,,,
1523647584,51.2119216,36.0967541,Воробьевка,hamlet,,,
1523647606,51.2974406,36.0437108,Плота,hamlet,,,
1523647634,51.2971991,35.9905387,Платоновка,hamlet,,,
1523647646,51.2378304,35.9447909,Первое Мая,hamlet,,,
1523647657,51.2981919,35.9191275,Косинов,hamlet,,,
1523647665,51.2531968,36.0285187,Новая Кривцовка,hamlet,,,
1523647716,51.2579777,35.9304572,Косиново,village,,,
1523647749,51.3039340,35.9097505,Красная Поляна,hamlet,,,
1523647767,51.2736595,36.0947371,Чекмаревка,hamlet,,,
1523647771,51.2912147,36.0789443,Садовая Роща,hamlet,,,
1523647850,51.2103085,35.7913256,Рябая Ольха,hamlet,,,
1523647864,51.2653963,35.7991469,Долговищенный,hamlet,,,
1523812926,51.8655985,37.7309617,Красный Парус,hamlet,,,
1523813025,51.8482637,37.7384718,Коммунар,village,,,
1523813322,51.8562163,37.7028092,Волжанец,village,,,
1523813345,51.8351920,37.6786908,Липовчик,village,,,
1523813462,51.8728325,37.7595004,Крыловка,hamlet,,,
1523813521,51.8611726,37.7768382,Платовец,hamlet,,,
1523814259,51.8632929,37.7929743,Большая Карповка,hamlet,,,
1523814382,51.8591849,37.7454670,Дицево,village,,,
1523844040,51.8950310,37.7558955,Екатериновка,hamlet,,,
1523844064,51.9181714,37.8267058,Константиновка,hamlet,,,
1523844075,51.8800920,37.7119502,Голощаповка,hamlet,,,
1523844131,51.9059937,37.7720316,Петрово-Карцево,hamlet,,,
1523844186,51.8791912,37.7299746,Серебряковка,hamlet,,,
1523844260,51.8947132,37.7799281,Карповка,hamlet,,,
1523844300,51.9602912,37.7916010,Садовый,hamlet,,,
1523844304,51.9137242,37.7891978,Мелавчик,hamlet,,,
1523844328,51.8913761,37.7120360,Бибиково,hamlet,,,
1523844344,51.8873502,37.7326354,Федоринка,hamlet,,,
1523889135,51.9611109,37.7278718,2-е Михайлоанненские Выселки,hamlet,,,
1523889162,51.9426028,37.7402306,Михайлоанненка,hamlet,,,
1523889168,51.9253176,37.7345236,Поляна,hamlet,,,
1523889205,51.9773184,37.7593287,1-е Михайлоанненские Выселки,hamlet,,,
1523889212,52.0004163,37.7551230,Александровка,hamlet,,,
1523889225,51.9791159,37.7388152,Кирилловка,village,,,
1523889292,51.9427284,37.7258547,Быстрик,hamlet,,,
1523889298,51.9336799,37.7110919,Моздовка,hamlet,,,
1523889340,51.9401622,37.6980027,Фотинка,hamlet,,,
1523889342,51.9695723,37.7032813,Цыганка,hamlet,,,
1523889345,51.9828943,37.6345511,Фабровка,isolated_dwelling,,,
1523889358,51.9985668,37.6218279,Адамовка,hamlet,,,
1523889370,51.9763138,37.5649222,Ледовское,village,,,
1523889381,51.9650510,37.5419196,Барково,hamlet,,,
1523889391,51.9676951,37.5225218,Рагозинка,hamlet,,,
1523889394,51.9627993,37.5834333,Верхнее Гурово,hamlet,,,
1523889398,51.9489714,37.6080092,Каратеевка,hamlet,,,
1523889425,51.9673000,37.7753000,Платавец,hamlet,,,
1524455848,51.8233959,37.6905128,Усть-Грязное,hamlet,,,
1524455925,51.8282763,37.6822301,Ивановка,hamlet,,,
1524468169,51.8025421,37.7090522,имени Пушкина,hamlet,,,
1524468173,51.8169763,37.7015849,Соколовка,hamlet,,,
1524468178,51.8001006,37.6969930,Арцибашевка,hamlet,,,
1525040291,51.7831602,37.7996683,Золотые Ключи,hamlet,,,
1525040367,51.6431358,37.5016642,Дубиновка,hamlet,,,
1525040437,51.6176157,37.6013994,Чепелевка,hamlet,58,,
1525040490,51.7501741,37.8127146,Емельяновка,hamlet,,,
1525040493,51.6279533,37.6606226,Сенное,hamlet,,,
1525040523,51.7587815,37.7802706,Павловка,hamlet,,,
1525040526,51.8274224,37.7596283,2-я Васильевка,village,,,
1525040545,51.7679715,37.8905630,Екатериновка,hamlet,,,
1525040601,51.8110547,37.7661085,Варварино,hamlet,,,
1525040687,51.7698837,37.8056765,Натальино,hamlet,,,
1525040744,51.7980783,37.9029226,2-я Николаевка,hamlet,,,
1525040806,51.6155922,37.5194322,Троицкое,hamlet,33,,
1525040814,51.6296050,37.7155542,Мочаки,hamlet,,,
1525040852,51.7892395,37.7686405,Нижняя Грайворонка,village,,,
1525070469,51.6715693,37.5553941,Петропавловка,hamlet,,,
1525070514,51.6581002,37.5768518,Красная Заря,hamlet,,,
1525070564,51.6711102,37.5779033,1-е Подгородище,hamlet,,,
1525106328,51.7246080,37.6314402,Александровка,hamlet,,,
1525106449,51.6914195,37.6542711,Грязное,hamlet,,,
1525106474,51.7400105,37.6367080,Грязноивановка,hamlet,,Советский район,Курская область
1525106614,51.7213647,37.6201963,Аннено,hamlet,,,
1525106746,51.7057829,37.5945330,Городище,hamlet,,,
1525106751,51.6926964,37.5801992,2-е Подгородище,hamlet,,,
1525959669,51.7818379,37.6948901,Петровское,hamlet,,,
1525959673,51.7725976,37.6720592,Красная Долина,village,,,
1525959691,51.7050435,37.5175210,Каменогорка,hamlet,,,
1525959826,51.7276436,37.5303527,Афанасьевка,hamlet,,,
1525959854,51.7475822,37.6454194,1-я Долина,hamlet,,Советский район,Курская область
1525959872,51.7555724,37.6666089,Поддергузовка,hamlet,,Советский район,Курская область
1525959945,51.7574320,37.6584550,Марьевка,hamlet,,,
1525959947,51.7455030,37.6559230,2-я Долина,hamlet,,Советский район,Курская область
1526159225,51.2369879,36.3796987,Шумаков,hamlet,,,
1526163456,51.3894062,36.2703504,Сергеевский,hamlet,,,
1526214381,51.6820680,34.3562930,Бегоща,hamlet,,Рыльский район,Курская область
1527056536,51.7981318,37.6172421,Серебрянка,hamlet,,,
1527056538,51.8053502,37.5873301,Октябрьское,hamlet,,,
1527056543,51.7821782,37.5886176,Усть-Крестище,hamlet,,,
1527056546,51.8039054,37.6009178,Советский,hamlet,,,
1527056556,51.8130499,37.5277934,Сухотиновка,hamlet,,,
1527056560,51.8347956,37.5056622,Юрасово,hamlet,,,
1527056562,51.7705746,37.5669883,Крестище,hamlet,,,
1527056571,51.7418844,37.5355313,Екатериновка,hamlet,,,
1527056577,51.7242362,37.4191878,Кшень,hamlet,,,
1527056578,51.8426444,37.4787543,Переволочное,hamlet,,,
1527056612,51.7781690,37.4984953,Раково,hamlet,,,
1527056637,51.7870366,37.4978087,Емельяновка,hamlet,,,
1527056693,51.7839570,37.4846766,Николаево,hamlet,,,
1527056770,51.7245020,37.4025366,Бородаевка,hamlet,,,
1527056779,51.8188815,37.6591704,Березовчик,hamlet,,,
1527056781,51.8766227,37.6633761,Мелехово,hamlet,,,
1527056783,51.8878283,37.7053473,Шишкино,hamlet,,,
1527056790,51.7516623,37.3529265,Панское,hamlet,,,
1527056807,51.8249280,37.6067280,Мармыжи,hamlet,,Советский район,Курская область
1527056816,51.8097019,37.6390002,Заречье,hamlet,,,
1527056821,51.9145114,37.5009448,Сиделевка,hamlet,,,
1527056822,51.9028442,37.5009844,Горностаевка,hamlet,,,
1527056824,51.8910222,37.4241501,Расховецкий,hamlet,,,
1527056826,51.9056508,37.4736044,Расховец,hamlet,,,
1527056848,51.9103439,37.4434456,Пожидаевка,hamlet,,,
1527056877,51.9193108,37.5991747,Губерния,hamlet,,,
1527056878,51.9165051,37.5747988,Средний Расховец,hamlet,,,
1527056879,51.9053331,37.5739405,Перцевка,hamlet,,,
1527056950,51.9021425,37.5452087,Верхняя Гриневка,hamlet,,,
1527056959,51.8550513,37.4480269,Азовка,hamlet,,,
1527056966,51.9070805,37.5402091,Воронцовка,hamlet,,,
1527057006,51.8181698,37.5150059,Васютина,isolated_dwelling,,,
1527981017,51.6818334,34.4444375,Нехаевка,village,,,
1527981018,51.6959907,34.4213443,Новая Николаевка,hamlet,,,
1527981020,51.7248753,34.4427297,Поповка,hamlet,,,
1528030023,51.7117441,34.5978904,Верхняя Воегоща,hamlet,,,
1528030024,51.7223845,34.6431074,Вечерняя Заря,isolated_dwelling,,,
1528030029,51.7071603,34.5740586,Нижняя Воегоща,hamlet,,,
1528030034,51.7236688,34.6389065,Переезд,isolated_dwelling,,,
1528030037,51.7298773,34.5376905,Плесы,hamlet,,,
1528030039,51.6984695,34.4916378,Садовый,hamlet,,,
1529957927,51.6561553,36.7491948,1-е Протасово,hamlet,,Солнцевский район,Курская область
1530172187,51.6300298,36.7173516,Смороко-Доренский,hamlet,,,
1530172221,51.5782938,36.7617261,Толмачевка,hamlet,,,
1530172243,51.4934857,36.7251622,Выползово,hamlet,,,
1530172249,51.5917865,36.8064439,Афанасьевка,hamlet,,,
1530172259,51.5784271,36.7092406,Хахилево,hamlet,,,
1530172289,51.6140435,36.7088115,Брынцево,hamlet,,,
1530172307,51.5175267,36.6890275,Машнино,hamlet,,,
1530172310,51.5773603,36.7381226,2-е Апухтино,hamlet,,,
1530172373,51.5387737,36.6761529,Бунино,village,,,
1530172401,51.5652238,36.6691577,Букреевка,hamlet,,,
1530172415,51.4810863,36.6966664,Халино,hamlet,,,
1530172647,51.6203854,36.8490159,Пахонок,hamlet,,,Курская область
1530172666,51.5885337,36.8600237,Хонок,hamlet,,,
1530172671,51.4984418,36.6863024,Алексеевка,hamlet,,,
1530172678,51.5667444,36.6463696,Мальнево,hamlet,,,
1530172785,51.5019258,36.6777031,Машкино,hamlet,,,
1530172816,51.5060955,36.6973531,2-е Максимово,hamlet,,,
1530172825,51.4945846,36.6992873,Максимово,hamlet,,,
1530172868,51.5820540,36.8011224,Яковлево,hamlet,,,
1530172872,51.6291773,36.7092835,Доброе,hamlet,,,
1530172881,51.6474485,36.7279946,Разумово,hamlet,,Солнцевский район,Курская область
1530172886,51.5806673,36.7228877,1-е Апухтино,hamlet,,,
1530172907,51.6010905,36.7050349,Захарово,hamlet,,,
1530172937,51.6508036,36.7437016,2-е Протасово,hamlet,,Солнцевский район,Курская область
1530202201,51.4745646,36.7060220,Дорохо-Доренское,hamlet,,,
1530202203,51.4594862,36.6797578,Баранов,hamlet,,,
1530202204,51.4676142,36.7123734,Конарево,hamlet,,,
1530691085,51.4347859,36.7319128,Ивановка,village,,,
1530691123,51.3649483,36.9741227,Орлянка,village,,,
1530691124,51.3666371,36.8689307,Сеймица,hamlet,,,Курская область
1530691126,51.4187804,36.7299119,Никольское,village,,,
1530691131,51.3952972,36.7700109,Зуевка,village,,,
1530691136,51.3412298,36.7732295,Ржаво-Плота,hamlet,,,
1530691143,51.3492255,36.8227020,Дежевка,hamlet,,,Курская область
1530691148,51.3595547,36.8039167,Надежевка,hamlet,,,
1530691153,51.3654046,36.7940435,Александровка,hamlet,,,
1530691195,51.3858172,36.8593606,Лучки,hamlet,,,
1530691197,51.3843562,36.8447973,Горбуновка,hamlet,,,
1530691199,51.4009467,36.8155870,Княжая,hamlet,,,
1530691202,51.4112534,36.7970475,Малая Зуевка,hamlet,,,
1530691204,51.4359263,36.7626723,Меловая,hamlet,,,
1530691206,51.4613880,36.7445621,Гридасово,hamlet,,,
1530691220,51.5101054,36.8205651,Калинов,hamlet,,,
1530691241,51.3382195,36.8270025,Малиновка,hamlet,,,Курская область
1530691244,51.3178469,36.7667064,Буланец,hamlet,,,
1531380683,51.3890919,36.6393765,2-я Екатериновка,hamlet,,,
1531380707,51.3930419,36.6322418,Нижняя Ивица,hamlet,,,
1531380717,51.3944812,36.6196891,Верхнекрасная Ивица,hamlet,,,
1531380780,51.3493862,36.5910109,Малая Ивица,hamlet,,,
1531380786,51.3684128,36.5295990,Большая Ивица,hamlet,,,
1531380796,51.3721368,36.5033563,Красное,hamlet,,,
1531380805,51.4098955,36.4904173,Кочегуровка,hamlet,,,
1531380816,51.3905380,36.5642746,Чермошное,village,,,
1531380832,51.4125991,36.4489182,Толстоплотаво,hamlet,,,
1531381008,51.4759920,36.9172533,Козьмодемьяновка,hamlet,,,
1531381011,51.4712557,36.9007330,Старый Лещин,village,,,
1531381146,51.5469303,36.8838223,Ефросимовка,hamlet,,,
1531381151,51.5371081,36.8894013,Стародубцево,hamlet,,,
1531381820,51.4311178,36.8954952,Самсоновка,hamlet,,,
1531381846,51.4877984,36.9024276,Большая Козьмодемьяновка,hamlet,,,
1531382117,51.5098132,36.9033745,Богдановка,hamlet,,,
1531382126,51.5160686,36.9280251,Ниженка,hamlet,,,
1531382132,51.5229582,36.9504269,Клевцовка,hamlet,,,
1531382156,51.5287789,36.9337757,Гололобовка,hamlet,,,
1531382165,51.5353196,36.9659622,Горенка,hamlet,,,
1531382317,51.5740905,36.8931778,Тереховка,hamlet,,,
1532371104,51.5582726,34.6487933,Звягин,hamlet,,,
1532411555,51.4757762,34.7441874,Волобуево,hamlet,,,
1532411567,51.4634817,34.7637963,Моршнево,hamlet,,,
1532411569,51.4885051,34.7269427,Некрасово,village,,,
1532418873,51.5194657,34.6490774,Луговка,hamlet,,,
1532418874,51.5224562,34.6648821,Поповка,hamlet,,,
1532418875,51.5073232,34.6784817,Тимохино,hamlet,,,
1532447767,51.5890891,34.3690834,Александровка,hamlet,,,
1532447772,51.5618221,34.3437385,Студенок,village,,,
1532618265,51.6525314,34.5949752,Бырдин,hamlet,,,
1532618266,51.6208643,34.5474841,Горелухово,hamlet,,,
1532618267,51.6502920,34.5589164,Жговеть,hamlet,,,
1532618268,51.6861013,34.6058553,Заря,hamlet,,,
1532618269,51.6545565,34.5702781,Киреево,hamlet,,,
1532618271,51.6608385,34.5974424,Никольниково,hamlet,,,
1532618272,51.6214723,34.5265488,Покровское,hamlet,,,
1532618274,51.6256228,34.6110998,Сонино,hamlet,,,
1532618667,51.6268849,34.5922416,1-е Яньково,hamlet,,,
1532861570,51.3485820,36.6248711,1-я Екатериновка,hamlet,,,
1532861689,51.4476767,36.5149649,Отрадное,hamlet,,,
1532861722,51.5025400,36.5377422,Мурыновка,hamlet,,,
1532861723,51.4648310,36.5239771,Малиновка,hamlet,,,
1532861726,51.5125967,36.5670212,Сорочино,hamlet,,,
1532861727,51.5212760,36.5685769,Татарский,hamlet,,,
1532861807,51.5319212,36.5987635,Мелидовка,hamlet,,,
1532861809,51.5478644,36.6080912,Плоское,village,,,
1532861812,51.5722021,36.5901032,Верхнееремино,hamlet,,,
1532861815,51.5655813,36.5983065,Красниково,hamlet,,,
1532861826,51.3628329,36.6492792,Возрождение,hamlet,,,
1532861890,51.4501640,36.4642819,Воробьевка,hamlet,,,
1532861894,51.4639621,36.4782293,Семёновка,hamlet,,,
1532862051,51.4256058,36.6238411,Семёновка,hamlet,,,
1532862060,51.4287632,36.6082156,Трубицыно,hamlet,,,
1533012579,51.7152854,36.9078549,Прудок,hamlet,,,
1533012581,51.6918278,37.1106728,Шабановка,hamlet,,Тимский район,Курская область
1533012583,51.7182101,37.1684368,Бердянка,hamlet,,Тимский район,Курская область
1533012584,51.7047004,37.1404979,Калиновка,hamlet,,Тимский район,Курская область
1533012586,51.7268236,36.9039925,Дуброва,hamlet,,,
1533012590,51.7284716,36.8930920,Букреевка,isolated_dwelling,,,
1533012593,51.7433016,37.2247418,Канищево,hamlet,,,
1533012596,51.7556827,37.2255142,Чибисовка,hamlet,,,
1533012602,51.7492003,37.2077473,Лесновка,hamlet,,,
1533012614,51.7321929,37.1931561,Заречье,hamlet,,Тимский район,Курская область
1533012685,51.6618610,37.3107640,Тёплое,hamlet,,,
1533012691,51.6714454,37.2649964,Беловские Дворы,hamlet,,,
1533012694,51.6953857,37.2078224,Луневка,isolated_dwelling,,Тимский район,Курская область
1533012698,51.7229956,37.2548683,Ключи,hamlet,,,
1533012924,51.6952860,36.9717129,Чаевка,hamlet,,Тимский район,Курская область
1533012936,51.5389232,37.0003803,1-я Каменка,hamlet,,,
1533012959,51.6891142,36.9839867,Красный Октябрь,hamlet,,Тимский район,Курская область
1533012964,51.5992618,36.9896086,Дуброва,hamlet,,Тимский район,Курская область
1533012972,51.5292061,36.9949301,2-я Каменка,hamlet,,,
1533012975,51.6810257,36.9711121,Трошиновка,hamlet,,Тимский район,Курская область
1533012981,51.7105523,36.9766911,Соколье,village,,Тимский район,Курская область
1533013016,51.7206769,36.9830099,Богоявленка,hamlet,,Тимский район,Курская область
1533013020,51.7583923,36.9569500,Морозовка,hamlet,,,
1533013024,51.7104084,36.9969714,Украинка,hamlet,,Тимский район,Курская область
1533013028,51.6743730,36.9293125,Кленовое,isolated_dwelling,,,
1533013034,51.7004463,36.9006451,Еськов,hamlet,,,
1533013043,51.7079994,36.9159229,Лыньково,hamlet,,,
1533013044,51.6701147,37.1706684,Введенка,village,,Тимский район,Курская область
1533013045,51.6871566,37.1484753,Щиголевка,hamlet,,Тимский район,Курская область
1533013047,51.6750915,37.3810394,Постояновка,village,,,
1533013054,51.6856023,37.0551832,Гнилуши,hamlet,,Тимский район,Курская область
1533013076,51.6777261,37.0174606,Отрадное,hamlet,,Тимский район,Курская область
1533013082,51.6700082,37.0864685,Разлив,hamlet,,,
1533013090,51.6693162,36.9857033,Гнилое,hamlet,,Тимский район,Курская область
1533013140,51.6988504,36.8872984,Барковка,village,,,
1533013168,51.6862408,37.0154865,Бродок,hamlet,,Тимский район,Курская область
1533013169,51.5892643,37.4876841,Рогозцы,hamlet,,,
1533013176,51.6092572,37.4344261,Быстрецы,village,,,
1533013179,51.5863046,37.4487599,Чернышевка,hamlet,,,
1533013219,51.7351696,37.1703251,Успенка,village,,Тимский район,Курская область
1533013230,51.7222778,37.1464213,Забелье,village,,Тимский район,Курская область
1533013271,51.6606385,37.4530085,Рогозецкий Луг,hamlet,,,
1533013362,51.6392833,37.0546253,Становое,village,,Тимский район,Курская область
1533013366,51.7368174,37.0797737,2-е Никольское,hamlet,,Тимский район,Курская область
1533013369,51.7484032,37.0582302,Леженьки,village,,,
1533013379,51.6305025,37.1296323,1-е Выгорное,village,,Тимский район,Курская область
1533013384,51.6814781,37.4370011,Рогозецкий Колодезь,hamlet,,,
1533013422,51.7367642,37.0998581,Овсянниково,hamlet,,Тимский район,Курская область
1533013440,51.6769277,36.8714626,Софиевка,hamlet,,,Курская область
1533013457,51.6233802,36.9033487,Рождественка,hamlet,,,Курская область
1533013459,51.6817176,36.8827923,Дмитриевка,hamlet,,,Курская область
1533013512,51.6932297,37.3738898,Воскресеновка,hamlet,,,
1533013540,51.6241262,37.1057375,3-е Выгорное,hamlet,,Тимский район,Курская область
1533013548,51.6042198,37.1150501,2-е Выгорное,village,,Тимский район,Курская область
1533013551,51.6257514,37.3397549,Репьевка,hamlet,,,
1533013558,51.5914773,37.3272236,Лисий Колодезь,hamlet,,,
1533013561,51.5791579,37.3240907,Щиголевка,hamlet,,,
1533013568,51.6049661,37.2613056,Погожее,village,,,
1533013590,51.5591517,37.0290907,Кировка,hamlet,,,
1533013601,51.6756504,37.3379095,Волобуевка,village,,,
1533124209,51.8947735,34.6104742,Стрекалово,hamlet,,,Курская область
1533124229,51.9552209,34.4197584,Пасек,hamlet,,Хомутовский район,Курская область
1533124236,51.9588176,34.4686819,Посадка,hamlet,,Хомутовский район,Курская область
1533124247,51.9865241,34.5098806,Шагарово,hamlet,,Хомутовский район,Курская область
1533124251,52.0258785,34.5958572,Алексина,hamlet,,Хомутовский район,Курская область
1533124256,51.8080900,34.5895310,Чубаровка,hamlet,,,Курская область
1533124287,52.0149530,34.4578243,Лобки,hamlet,,,
1533124307,52.0061303,34.6448065,3-й Старшенский,hamlet,,Хомутовский район,Курская область
1533124331,51.9802863,34.5818068,Хатуша,hamlet,,Хомутовский район,Курская область
1533124340,51.7879187,34.4135743,Искра,hamlet,,,
1533124379,51.9894841,34.4891096,Ярославка,hamlet,,Хомутовский район,Курская область
1533124381,51.8648374,34.4206167,Клевень,hamlet,,Хомутовский район,Курская область
1533124385,51.9368624,34.4466234,Березняк,hamlet,,Хомутовский район,Курская область
1533124406,51.9409898,34.5819784,Юдовка,hamlet,,Хомутовский район,Курская область
1533124427,51.8328658,34.4870497,Приходьково,hamlet,,Хомутовский район,Курская область
1533124443,51.7837242,34.4585968,Добрый Крестьянин,isolated_dwelling,,,Курская область
1533124460,51.8315928,34.5634390,Ульяновка,hamlet,,Хомутовский район,Курская область
1533124469,51.9590292,34.5285917,Дубовица,village,,Хомутовский район,Курская область
1533124483,51.9626257,34.5633532,Ясная Поляна,hamlet,,Хомутовский район,Курская область
1533124498,51.7651822,34.5209222,1-я Турка,hamlet,,,Курская область
1533124505,52.0277876,34.6702124,Деменино,hamlet,,Хомутовский район,Курская область
1533124533,52.0160095,34.5655848,Мельничище,hamlet,,Хомутовский район,Курская область
1533124541,51.9852026,34.6002603,Поляна,hamlet,,Хомутовский район,Курская область
1533124561,51.8315397,34.4164110,Богословка,hamlet,,,Курская область
1533124564,51.9850440,34.5643831,Сетки,hamlet,,Хомутовский район,Курская область
1533124594,51.8964685,34.5770861,Елизаветинский,hamlet,,Хомутовский район,Курская область
1533124599,52.0509651,34.6464373,Самохваловка,hamlet,,,Курская область
1533124635,51.8620414,34.4844962,Красная Стрелица,isolated_dwelling,,Хомутовский район,Курская область
1533124652,52.0254639,34.5676447,Клинцы,hamlet,,Хомутовский район,Курская область
1533124659,52.0477453,34.6486689,Святозёрка,hamlet,,,Курская область
1533124677,52.0409881,34.5110823,Обжи,hamlet,,,
1533124681,51.8532284,34.4989801,Успенский,hamlet,,Хомутовский район,Курская область
1533124682,51.8847617,34.4369245,имени Крупской,isolated_dwelling,,Хомутовский район,Курская область
1533124700,51.9526495,34.4094487,Доброе Поле,hamlet,,Хомутовский район,Курская область
1533124706,51.7410932,34.5276905,Верхняя Матвеевка,hamlet,,,
1533925797,51.8075792,34.6659264,Вяженка,isolated_dwelling,,,
1533925800,51.8436652,34.7773883,Подровное,hamlet,,Хомутовский район,Курская область
1533925802,51.9010569,34.9269911,Ширков,hamlet,,Хомутовский район,Курская область
1533925815,51.9833861,34.6512172,Бибиков,hamlet,,Хомутовский район,Курская область
1533925819,51.8665671,34.6694133,Куренка,hamlet,,Хомутовский район,Курская область
1533925820,51.8211762,34.7058913,Мокроусово,hamlet,,Хомутовский район,Курская область
1533925825,51.9068820,34.6469685,Смородино,hamlet,,Хомутовский район,Курская область
1533925840,51.9868748,34.6707866,Плетнев,hamlet,,Хомутовский район,Курская область
1533925841,51.9607553,34.6652076,Шевченко,hamlet,,Хомутовский район,Курская область
1533925842,51.9594331,34.6445224,Заречье,hamlet,,Хомутовский район,Курская область
1533925844,51.9543817,34.7848126,2-й Зелёный Сад,isolated_dwelling,,Хомутовский район,Курская область
1533925868,51.8092376,34.8344657,Бобылевка,hamlet,,,
1533925886,51.9284020,34.8021504,Ефросимово,hamlet,,Хомутовский район,Курская область
1533925896,51.7993659,34.8393580,Правая Липа,hamlet,,,
1533925899,51.7534822,34.8000476,Верхняя Чупахина,hamlet,,,
1533925909,51.7504934,34.7705004,Манино,hamlet,,,
1533925915,51.9712790,34.6391150,Редкие Дубки,hamlet,,Хомутовский район,Курская область
1533925919,51.9818002,34.6359393,2-й Старшенский,hamlet,,Хомутовский район,Курская область
1533925920,51.8225025,34.8089740,Сафроновка,hamlet,,,
1533925943,51.8409608,34.7179076,Брысина,hamlet,,Хомутовский район,Курская область
1533925945,51.9025132,34.7079512,Березовое,hamlet,,Хомутовский район,Курская область
1533925964,51.7783682,34.7146031,Журавлевка,isolated_dwelling,,,
1533925970,51.7538010,34.6834895,Верхняя Туранка,hamlet,,,
1533925972,51.7537478,34.6670100,Малая Алешня,hamlet,,,
1533925983,51.7818729,34.7216412,Капустино,hamlet,,,
1533925985,51.7703356,34.6615275,Ровное,isolated_dwelling,,,
1533925987,51.9288519,34.6678683,Клюсов,hamlet,,Хомутовский район,Курская область
1533925989,51.7833929,34.6596608,Серовка,hamlet,,,
1533925994,51.7574670,34.6805712,Нижняя Туранка,hamlet,,,
1533926005,51.7820588,34.7426698,Переступлено,hamlet,,,
1533926006,51.8775897,34.7133586,Кожановка,hamlet,,Хомутовский район,Курская область
1533926011,51.9495414,34.6425483,Жуков,hamlet,,Хомутовский район,Курская область
1533926014,51.8678391,34.7623679,Борисовка,hamlet,,Хомутовский район,Курская область
1533926027,51.8596235,34.7595355,Красная Полоса,hamlet,,Хомутовский район,Курская область
1533926041,51.7276920,34.7793624,Нижнее Чупахино,hamlet,,,
1533926052,51.7242442,34.7701871,Волокитино,isolated_dwelling,,,
1533926127,51.7020732,34.7725495,Ладыгина,isolated_dwelling,,,
1533926179,51.6933885,34.7873447,Конопляновка,hamlet,,,
1533926189,51.9659381,34.6535346,Подлесная Поляна,hamlet,,Хомутовский район,Курская область
1533926213,51.8942246,34.7415110,Арсеньевка,isolated_dwelling,,Хомутовский район,Курская область
1533926218,51.9033870,34.7751567,Плоский,hamlet,,Хомутовский район,Курская область
1533926221,51.9002095,34.8038241,Тепловка,hamlet,,Хомутовский район,Курская область
1533926224,51.8571851,34.8103473,Злобино,hamlet,,Хомутовский район,Курская область
1533926230,51.8149619,34.9277905,Залесье,hamlet,,Хомутовский район,Курская область
1533926233,51.8239879,34.9275920,Голубовка,hamlet,,Хомутовский район,Курская область
1533926236,51.8372485,34.8953196,Жиховка,hamlet,,Хомутовский район,Курская область
1533926243,51.8608957,34.9151465,Викторовка,hamlet,,Хомутовский район,Курская область
1533926244,51.8954958,34.9119708,Ровцы,hamlet,,Хомутовский район,Курская область
1533926252,51.8478550,34.9341160,Шатуновка,hamlet,,Хомутовский район,Курская область
1533926257,51.8972966,34.9067351,Лекта,hamlet,,Хомутовский район,Курская область
1533926260,51.9094237,34.8598716,Чубаровка,hamlet,,Хомутовский район,Курская область
1533926264,51.9072527,34.9929950,Свобода,hamlet,,Хомутовский район,Курская область
1533926269,51.8598356,34.8932597,Сковороднево,village,,Хомутовский район,Курская область
1533926272,51.9466846,34.8466536,Кирилловка,hamlet,,Хомутовский район,Курская область
1533926275,51.9514988,34.8439070,Веселый,hamlet,,Хомутовский район,Курская область
1533926278,51.9689523,34.8423621,Звенячка,village,,Хомутовский район,Курская область
1533926300,51.8762485,34.6252373,Залозье,hamlet,,Хомутовский район,Курская область
1534389392,52.2171164,35.7294702,Красавчик,hamlet,,,
1534389690,52.2847430,35.8677435,Новоселки,hamlet,,,
1534389707,52.1794489,35.8124685,Бычки,hamlet,,,
1534389715,52.2090700,35.8055162,Средний Любаж,hamlet,,,
1534389719,52.2303660,35.6990010,Игино,hamlet,,,
1534389739,52.1807909,35.8705759,Горки,hamlet,,,
1534389826,52.1784752,35.8418655,Сорокин,hamlet,,,
1534389965,52.1680529,35.6974983,Путчино,hamlet,,,
1534389976,52.1593921,35.7430744,Гаево,hamlet,,,
1534389984,52.1878953,35.8743954,Музалевка,hamlet,,,
1534389989,52.1743160,35.7476650,Нижний Реут,hamlet,,Фатежский район,Курская область
1534390009,52.1577861,35.7583952,Плота,hamlet,,,
1534390053,52.0743269,35.6832075,Нагорный,hamlet,,,
1534390055,52.0715290,35.7025600,Шахово,hamlet,,,
1534390078,52.0767536,35.7156515,Соловьёвка,hamlet,,,
1534390084,52.0825823,35.7232475,Хохловка,hamlet,,,
1534390105,52.0868281,35.7391262,Косиловка,hamlet,,,
1534390108,52.0840591,35.7402420,Озеровка,hamlet,,,
1534390121,52.0645680,35.7035480,Болонино,hamlet,,,
1534390135,52.0869983,35.7479326,Павловка,hamlet,,,
1534390144,52.0720848,35.7244062,Шаншинка,hamlet,,,
1534390170,52.0750920,35.7364650,Солдатское,village,,Фатежский район,Курская область
1534390177,52.0719529,35.7811403,Макеевка,hamlet,,,
1534390178,52.0702118,35.7520395,Черякино,hamlet,,,
1534390202,52.0766490,35.7643590,Портина,hamlet,,,
1534390212,52.0801977,35.8050310,Заречье,hamlet,,,
1534390325,52.2566960,35.7986498,Новая Головинка,hamlet,,,
1534390340,52.2524910,35.7121320,Локтионово,hamlet,,,
1534390370,52.0717682,35.8658552,Русановка,village,,,
1534390392,52.0812373,35.8282614,Голубовка,hamlet,,,
1534390395,52.0757513,35.8204508,Чибисовка,hamlet,,,
1534390420,52.0837690,35.8357286,Полеховка,hamlet,,,
1534390430,52.0789691,35.8471441,Тихоновка,hamlet,,,
1534390620,52.0756458,35.8705759,Новые Дворы,hamlet,,,
1534390635,52.0793911,35.8728933,Макаровка,hamlet,,,
1534390674,52.0866170,35.7859460,Сухочево,hamlet,,,
1534390683,52.0871973,35.7701540,Курашовка,hamlet,,,
1534390711,52.0886476,35.8093357,Гуровка,hamlet,,,
1534390718,52.0866435,35.8218670,Борец,hamlet,,,
1534390725,52.0914162,35.8277464,Басовка,village,,,
1534390798,52.2026266,35.7892942,Нижний Любаж,hamlet,,,
1534390818,52.2751859,35.8923769,Петроселки,hamlet,,,
1534413803,51.8470374,38.4436038,Каменка,hamlet,,Семилукский район,Воронежская область
1534933884,52.0903762,35.9707178,Луневка,hamlet,,,
1534933902,52.1202674,35.9263433,Моховое,hamlet,,,
1534934179,52.1362840,35.9278870,1-е Банино,hamlet,,,
1534934185,52.0866318,35.8936419,Миленино,village,,,
1534934202,52.0996963,35.9488954,Поповка,hamlet,,,
1534934326,52.1476680,35.9454373,Щекатихино,hamlet,,,
1534934341,52.0901125,35.9138121,Бугры,hamlet,,,
1534934439,52.1602492,35.9032549,Ломовка,hamlet,,,
1534934473,52.1312790,35.9350970,2-е Банино,hamlet,,,
1534934517,52.0809882,35.9005941,Копаневка,hamlet,,,
1534934549,52.1120981,35.9348406,Бугрянка,hamlet,,,
1534934553,52.0881876,35.9501614,Шалимовка,hamlet,,,
1534934560,52.0852869,35.9137262,Прошиваловка,hamlet,,,
1534939334,52.1022402,36.0229029,Расшеевка,hamlet,,,
1534939336,52.0968095,35.9894289,Воропаевка,hamlet,,,
1534939337,52.0984704,35.9597744,Глебовщина,hamlet,,,
1534939338,52.0955440,36.0021318,Фиеновка,hamlet,,,
1534939339,52.0989054,35.9774126,Куликовка,hamlet,,,
1534939341,52.0777178,35.9833349,Понизовка,hamlet,,,
1534939342,52.0863153,35.9780993,Зыковка,village,,,
1534939343,52.0948585,36.0280527,Салеевка,hamlet,,,
1534939344,52.0877393,35.9874548,Шмарное,hamlet,,,
1534939345,52.0962427,35.9681429,Грачевка,hamlet,,,
1535013923,51.9655872,35.9805883,Беловка,hamlet,,,
1535013936,52.1370362,36.1019743,Кретовка,hamlet,,,
1535013959,51.9801806,36.0356916,Ушаково,hamlet,36,,
1535014033,52.1252737,36.0663332,Большое Анненково,village,,,
1535014073,52.0126286,35.8353628,Озерки,hamlet,,,
1535014101,51.9714833,35.9816183,Скрипеевка,hamlet,,,
1535014119,52.1425542,36.1124243,Орлянка,hamlet,,,
1535014144,52.0133946,36.0399403,Кочеток,hamlet,12,,
1535014197,52.0018504,35.9126963,Яковлевский,hamlet,,,
1535014248,52.0063416,35.9281458,Чернышевский,hamlet,,,
1535014458,52.1105695,36.0465063,Михайловка,hamlet,,,
1535014467,52.0550291,36.0588659,Малинов,hamlet,,,
1535014539,52.0158609,35.8683972,1-е Рождественское,hamlet,,,
1535014654,52.0370680,35.8433880,Федоровка,hamlet,,,
1535014680,51.9691302,36.0300268,Малое Жирово,hamlet,,,
1535014685,51.9227698,35.8324642,Афонюшенский,hamlet,13,,
1535014690,51.9215138,35.8282389,Малиховский,hamlet,0,,
1535014692,51.9288447,35.8275093,Кобелевский,hamlet,,,
1535014704,51.9274421,35.8228745,Ивановский,hamlet,,,
1535014709,51.9322848,35.8143343,Александровский,hamlet,,,
1535014713,51.9193434,35.8324017,Абрамовский,hamlet,11,,
1535014714,51.9378678,35.7914604,Богдановка,hamlet,,,
1535014719,51.9404870,35.7975115,Кочеток,hamlet,22,,
1535014724,51.9371799,35.8048500,Семеновский,hamlet,,,
1535014728,51.9487671,35.8205141,Литва,hamlet,,,
1535014731,51.9413508,35.8098926,Поныри,hamlet,,,
1535014739,51.9490846,35.8296122,Колычево,hamlet,,,
1535014743,51.9634189,35.9905447,Кукуевка,hamlet,11,,
1535014745,51.9461748,35.8243765,Евдокимовка,hamlet,,,
1535014749,51.9407252,35.8165659,Кукуевка,hamlet,105,,
1535014753,51.9357511,35.8752741,Долгий,hamlet,,,
1535014762,51.9975173,35.8913244,Пещеры,hamlet,,,
1535014771,51.9458045,35.8150209,Горки,hamlet,,,
1535014798,51.9436088,35.7865681,Андреевка,hamlet,,,
1535014871,52.1372601,36.0245766,Веселая Плота,hamlet,,,
1535014905,52.0290550,35.8644594,Ленина,hamlet,,,
1535014936,52.0244604,35.8581938,Веселый,hamlet,,,
1535014958,52.0151114,35.8571638,Ларинские Выселки,hamlet,,,
1535015007,52.0206577,35.8532156,2-е Рождественское,hamlet,,,
1535015054,52.0424135,35.9882273,Шмарное,hamlet,,,
1535015082,52.0940286,36.0689593,Бычки,hamlet,,,
1535015097,51.9625992,35.9973253,Бирюковка,hamlet,,,
1535015099,52.1318337,36.0989059,Волниковка,hamlet,,,
1535015109,52.1176455,36.0525145,Бабанинка,hamlet,,,
1535015123,51.9774843,35.8877195,Сетное,hamlet,,,
1535015140,51.9963018,35.9542383,Доброхотово,hamlet,,,
1535015150,52.0023260,35.9428228,Косилово,hamlet,,,
1535015163,51.9609068,35.9841932,Чернышевка,hamlet,,,
1535015176,52.1183570,36.0417749,Быстрец,hamlet,,,
1535015206,52.0462144,35.9348406,Миновка,hamlet,,,
1535015214,52.0230344,35.8655752,Дмитриевка,hamlet,,,
1535015239,52.0080772,35.8716091,Крюково,hamlet,,,
1535015254,51.9666448,35.9927334,Кутасовка,hamlet,,,
1535015274,52.1258533,36.0798086,Никитинка,hamlet,,,
1535015296,52.1320839,36.0814609,Трифоновка,hamlet,,,
1535015311,52.0956692,36.1044098,Трубицын,hamlet,,,
1535015328,52.1190817,36.0650886,Малое Анненково,hamlet,,,
1535015331,52.0462144,35.8393110,Милаковка,hamlet,,,
1535583184,51.9022530,35.7523012,Старое Сдобниково,hamlet,,,
1535583187,51.9916364,35.7193422,Надежда,hamlet,,,
1535583189,52.0084403,35.7594251,Пробуждение,hamlet,,,
1535583211,52.0191920,35.6365170,Суходол,hamlet,,,
1535583233,51.8728782,35.7269811,Волна Революции,hamlet,,,
1535583243,51.9552840,35.6425670,Поздняково,hamlet,,,
1535583258,51.8750230,35.7327730,Амелин,hamlet,,,
1535583261,51.9271628,35.7471514,Хмельной,hamlet,,,
1535583290,52.0180550,35.7351340,Репринка,hamlet,,,
1535583344,51.9659955,35.7879209,Лотаревка,hamlet,,,
1535583357,51.9728169,35.6816625,Морозов,hamlet,,,
1535583389,51.9397580,35.7452631,Хворостово,hamlet,,,
1535583397,51.9552591,35.7282686,Ленина,hamlet,,,
1535583447,51.9202800,35.6446690,Бунино,hamlet,,,
1535583482,52.0106592,35.7736730,Красивый,hamlet,,,
1535583501,51.9826505,35.7069826,Новая Жизнь,hamlet,,,
1535583522,51.9455264,35.5869054,1-е Гнездилово,hamlet,,Фатежский район,Курская область
1535583541,52.0592365,35.6883573,Веселый,hamlet,,,
1535583588,51.9581150,35.6595610,Шуклино,hamlet,,,
1535583606,51.9725525,35.7904529,Ребендер,hamlet,,,
1535583624,51.9883065,35.7471514,Горки,hamlet,,,
1535583661,52.0028397,35.7259941,Рудка,hamlet,,,
1535583696,51.9348088,35.7408867,Кромская,hamlet,,,
1535583699,52.0517430,35.6167760,Пролетаровка,hamlet,,,
1535583721,51.9501529,35.6085342,2-е Гнездилово,hamlet,,Фатежский район,Курская область
1535583722,51.9183493,35.7433319,Головинка,hamlet,,,
1535583725,51.9137963,35.7507133,Мелешинка,hamlet,,,
1535583752,52.0118743,35.7651758,Прелестный,hamlet,,,
1535583765,52.0056401,35.7791662,Кофановка,hamlet,,,
1535583772,51.9167611,35.7542324,Кореневка,hamlet,,,
1535583785,51.9693799,35.7001161,Костина,hamlet,,,
1535583794,52.0387310,35.6742360,Нижние Халчи,hamlet,186,Фатежский район,Курская область
1535583861,52.0306773,35.7574940,Красный Камыш,hamlet,,,
1535583872,52.0462000,35.6104240,Подымовка,hamlet,13,Фатежский район,Курская область
1535583886,51.8976189,35.7587815,Мармыжи,hamlet,,,
1535583912,51.9101960,35.7585668,Чибисовка,hamlet,,,
1535583930,52.0416069,35.7615259,Завидный,hamlet,,,
1535583994,51.8941761,35.7541466,Новое Сдобниково,hamlet,,,
1535584010,51.9648320,35.7186550,Бригадирово,hamlet,,,
1535584024,51.8774578,35.7438898,Костина,hamlet,,,
1535584046,51.9255484,35.7392549,Хлынино,hamlet,,,
1535584059,51.9983440,35.6223110,Верхние Халчи,hamlet,,,
1535584168,51.8885083,35.7671499,Головачи,hamlet,,,
1535584211,51.9869840,35.7397690,Алисово,hamlet,,Фатежский район,Курская область
1535584215,51.9787900,35.7578810,Алисово-Покровское,hamlet,,,
1535584236,52.0152550,35.7159960,Любимовка,hamlet,,,
1536238538,51.5980138,34.3609945,Красная Зорька,hamlet,,,
1536251356,51.5608131,34.3834065,Парменовка,hamlet,,,
1536251357,51.5390066,34.3304423,Слободка-Ивановка,hamlet,,,
1536263258,51.5043614,34.3882124,Акимовка,hamlet,,,
1536263259,51.4884122,34.3310920,Анатольевка,hamlet,,,
1536263260,51.5153126,34.4080459,Гниловка,hamlet,,,
1536263262,51.5041366,34.4605537,Кулемзино,hamlet,,,
1536277355,51.5808440,34.3548064,Нижняя Мельница,hamlet,,,
1536481756,51.9973279,37.3066334,Низ,hamlet,,,
1536481823,52.0049217,37.2643152,Косоржа,hamlet,,,
1536481911,51.9899091,37.2473845,Архангельское Уединение,hamlet,,,
1536481958,51.9958753,37.3184393,Бутырки,hamlet,,,
1536481966,51.9885830,37.3172200,Филюшкины,hamlet,,,
1536482345,51.9374136,37.2797684,Исаково,hamlet,,,
1536482352,51.9228063,37.2867206,Старые Савины,hamlet,,Черемисиновский район,Курская область
1536482356,51.9050170,37.2976211,Хмелевская,village,,Черемисиновский район,Курская область
1536482367,51.9761379,37.2825149,Сулаевка,hamlet,,,
1536482442,51.9657679,37.2989086,Камышовка,hamlet,,,
1536482490,51.9531270,37.2955612,Карасевка,hamlet,,,
1536482492,51.8264961,37.3898462,Сенчуковка,hamlet,,,
1536482496,51.9544495,37.2837166,Чапкино,hamlet,,,
1536482508,51.9508524,37.3175339,Садовка,hamlet,,,
1536482511,51.8312436,37.3354725,Мещеринка,hamlet,,,
1536482527,51.8373005,37.3111180,Жаровка,hamlet,,Черемисиновский район,Курская область
1536482535,51.8398620,37.3946957,Муравка,hamlet,,,
1536482541,51.8318270,37.3564152,Баклановка,hamlet,,,
1536482557,51.9424933,37.3373608,Безобразово,hamlet,,,
1536482567,51.9087766,37.3238853,Чернянка,hamlet,,Черемисиновский район,Курская область
1536482571,51.8978676,37.3188213,Ефремовка,hamlet,,Черемисиновский район,Курская область
1536482600,51.8929417,37.3324255,Становое,hamlet,,Черемисиновский район,Курская область
1536482605,51.8162303,37.3043159,Ниженка,hamlet,,,
1536482608,51.8836977,37.3275761,Ивановка,hamlet,,Черемисиновский район,Курская область
1536482628,51.8697353,37.3316101,Прилепы,hamlet,,Черемисиновский район,Курская область
1536482630,51.8565108,37.3441629,Лески,hamlet,,Черемисиновский район,Курская область
1536482648,51.8481077,37.3301510,Теплое,hamlet,,Черемисиновский район,Курская область
1536482668,51.9761317,37.3005394,Новые Савины,hamlet,,,
1536635108,51.9039989,37.0615690,Громовое,hamlet,,,
1536635373,51.9928239,37.0149629,Нижнеольховатое,hamlet,,,
1536635379,51.9963648,36.9979684,Дворянка,hamlet,,,
1536635399,51.9883842,36.9894712,Косиновка,hamlet,,,
1536635443,51.9495179,37.0755594,Никитское,hamlet,,,
1536635453,51.9846312,37.0665471,Волчанка,hamlet,,,
1536635634,52.0263190,37.0467202,Заречье,hamlet,,,
1536635651,52.0341344,37.0365064,Москвинка,hamlet,,,
1536635675,52.0370912,37.0105855,Баранцевские Выселки,hamlet,,,
1536635754,52.0530336,37.0363347,Алексеевка,hamlet,,,
1536635941,51.8881888,37.0403259,Кулига,hamlet,,,
1536635963,51.9153830,37.0267217,Головановка,hamlet,,,
1536636025,52.0270583,37.0687787,Стаканово,village,,,
1536636046,52.0201396,37.1129815,Юдинка,hamlet,,,
1536636386,51.9018820,37.2016450,Петрово-Хутарь,village,,Черемисиновский район,Курская область
1536636747,51.9170771,37.0815675,Русаново,village,,,
1536636817,52.0320182,37.0598332,Рындинка,hamlet,,,
1536636821,52.0465940,37.0014875,Новая Даниловка,hamlet,,,
1536637109,52.0043439,37.1214788,Орлянка,hamlet,,,
1536637132,52.0055592,37.0904081,2-е Бутырки,hamlet,,,
1536637142,51.9001330,37.0673625,Гореловка,hamlet,,,
1536637153,51.9243294,37.1115224,Заикинка,hamlet,,,
1536637214,51.9344911,37.1286027,Плаховка,hamlet,,,
1536637219,51.8983058,37.1041195,Головинка,hamlet,,,
1536957014,51.7912940,37.1252290,Петрищево,hamlet,,,
1536957066,51.7719800,37.2211690,Огнёвка,hamlet,,,
1536957111,51.8005026,37.2653887,Сельский Рогачик,village,,,
1536957112,52.0668657,37.1205494,Исаково,hamlet,,,
1536957159,51.9936357,37.1560833,Парменовка,hamlet,,,
1536957170,51.7696273,37.2438881,Мяснянкино,village,,,
1536957204,51.8001311,37.2969744,Среднее Жуково,hamlet,,,
1536957207,51.9515605,37.1551821,Уединенное,hamlet,,,
1536957249,51.9745527,37.2081825,Крюково,hamlet,,,
1536957266,52.0538971,37.1585724,Ракзинка,hamlet,,,
1536957270,51.8317811,37.2674057,1-я Знаменка,hamlet,,,
1536957294,51.8449334,37.2161219,2-я Знаменка,hamlet,,Черемисиновский район,Курская область
1536957310,51.9627077,37.1520493,Дуровка,hamlet,,,
1536957312,51.8373501,37.1396467,Хрущевка,hamlet,,Черемисиновский район,Курская область
1536957318,51.8326298,37.1434233,Михайловка,village,,,
1536957331,51.7801427,37.2603676,Луговское,hamlet,,,
1536957336,51.7861959,37.2232887,Чубаровка,hamlet,,,
1536957355,51.9830644,37.1397755,Карташовка,hamlet,,,
1536957376,51.7583657,37.2138474,Подлесье,hamlet,,,
1536957389,51.7918766,37.2393391,Алтуховка,hamlet,,,
1536957396,51.8488836,37.2144053,Толстый Колодезь,hamlet,,Черемисиновский район,Курская область
1536957401,51.9772492,37.1866390,Ползиковка,hamlet,,,
1536957407,51.7877621,37.1272013,Малиновка,hamlet,,,
1536957409,52.0701501,37.0745441,Должанка,hamlet,,,
1536957410,51.9720676,37.1904156,Нижний Щигор,hamlet,,,
1536957419,51.8455697,37.2375366,Основное,hamlet,,Черемисиновский район,Курская область
1536957504,51.8142676,37.2764608,Удеревка,hamlet,,,
1536957511,51.7814038,37.2248552,Толстянка,hamlet,,,
1536957513,51.9805269,37.2026035,Хитровка,hamlet,,,
1536957522,52.0238030,37.2043201,Хохловка,hamlet,,,
1536957525,51.8431835,37.1662542,Трухочевка,hamlet,,Черемисиновский район,Курская область
1536957548,51.7878418,37.2827694,Жуково,hamlet,,,
1536957603,51.8082248,37.3023817,Среднее Общество,hamlet,,,
1536957610,51.8401343,37.1513626,Дурновка,hamlet,,Черемисиновский район,Курская область
1536957622,51.9572071,37.1578857,Вышний Щигор,hamlet,,,
1536957649,51.8395775,37.1678421,Корсовка,hamlet,,Черемисиновский район,Курская область
1536957664,51.9952740,37.1947929,Удерево,village,,,
1537009949,51.7335488,36.7316187,Белый Колодезь,hamlet,14,,
1537009953,51.7179450,36.7413940,Бугровка,hamlet,,,
1537009972,51.7173310,36.7346530,Нижняя Озерна,hamlet,,,
1537010017,51.7018010,36.7403640,Защитное,village,,,
1537010187,51.7505570,36.7089040,Басовские Хутора,hamlet,,,
1537010210,51.6716350,36.6482430,Дубовец,hamlet,,,
1537010339,51.6815830,36.7003210,Васильково,hamlet,,,
1537010352,51.6879690,36.8164290,Набережная,isolated_dwelling,,,
1537010385,51.6820640,36.7752110,Быковка,hamlet,,,
1537010388,51.6847500,36.7958530,Вышняя Озерна,hamlet,,,
1537010393,51.6800690,36.8025050,Кукуевка,hamlet,,,
1537010560,51.7695730,36.6855580,Роговинка,hamlet,,,
1537139709,51.7626760,36.6396480,Титово,hamlet,,,
1537139816,51.7786370,36.6717490,1-е Есенки,hamlet,,,
1537139916,51.7848240,36.6486630,2-е Есенки,hamlet,,,
1537139982,51.7705920,36.5958750,Старая Слободка,hamlet,,,
1537139992,51.7958640,36.7179260,2-е Мелехино,village,,,
1537140100,51.8053670,36.6779290,Медведев Колодезь,hamlet,,,
1537140103,51.7971380,36.6134260,Дунайка,hamlet,,,
1537140151,51.8135110,36.5853200,Сеновое,hamlet,,,
1537140181,51.8109130,36.5714570,Плота,hamlet,,,
1537140202,51.7853280,36.6806760,Каменева Поляна,hamlet,,,
1537140229,51.8008040,36.6125260,Новосергиевка,hamlet,,,
1537140266,51.7986300,36.6988750,1-е Мелехино,hamlet,,,
1537140345,51.7820090,36.6402930,Тестово,hamlet,,,
1537140498,51.7678300,36.6572460,Басово,village,,,
1537140624,51.8019450,36.6735950,Варламовка,hamlet,,,
1537140725,51.7900010,36.6429100,Березник,hamlet,,,
1537140789,51.7521550,36.6153600,Грязный Колодезь,hamlet,,,
1537140791,51.7891770,36.6863400,Аносовка,hamlet,,,
1537850956,51.8887630,36.7325670,Льва Толстого,village,,,
1537850957,51.8105580,36.8967630,Большая Лозовка,hamlet,,,
1537850964,51.8445090,36.5995290,Кресты,hamlet,,,
1537850981,51.7901760,36.8223460,Интернациональная,hamlet,,,
1537851006,51.8740086,36.7251320,Дубрава,hamlet,,,
1537851036,51.8771100,36.7756120,Борисовка,hamlet,,,
1537851037,51.7838060,36.7668990,Новоселовка,hamlet,,,
1537851038,51.8039780,36.7541960,Новоспасовка,hamlet,,,
1537851065,51.8435018,36.9831069,Вишневка,village,,,
1537851066,51.8186800,36.7630390,Пушкарка,hamlet,,,
1537851091,51.8202710,36.9932370,Семеновка,hamlet,,,
1537851118,51.8809780,36.7666820,Зелёная Роща,village,,,
1537851157,51.8511350,36.6432190,Бобровка,hamlet,,,
1537851158,51.8588520,36.9025990,Пригородняя,village,,,
1537851163,51.8274840,36.7557410,2-й Патепник,hamlet,,,
1537851206,51.8694840,36.7459750,2-я Семеновка,hamlet,,,
1537851240,51.8318860,36.7055320,Карек,hamlet,,,
1537851245,51.8377230,37.0254210,Ивановка,hamlet,,,
1537851257,51.8790170,36.6946300,Новомедведок,hamlet,,,
1537851268,51.8103490,36.7224390,Калинина,hamlet,,,
1537851270,51.8926320,36.9587330,Вязовое,village,,,
1537851275,51.8608400,36.6424450,Хитровка,hamlet,,,
1537851306,51.8455160,37.0407870,Мальцевка,hamlet,,,
1537851322,51.8812290,36.7206150,Новая Слободка,hamlet,,,
1537851331,51.7602770,36.8401990,Матвеевка,hamlet,,,
1537851346,51.8279610,37.0158960,Сергеевка,hamlet,,,
1537851348,51.8384630,36.7900730,Крутое,village,,,
1537851355,51.8091850,36.8197750,Колодезки,hamlet,,,
1537851358,51.8885000,36.8098140,Шаталовка,hamlet,,,
1537851376,51.8620300,36.7475430,Грот,hamlet,,,
1537851415,51.7890630,36.8408010,Плодовый,village,,,
1537851419,51.7953830,36.9420850,Авдеевка,hamlet,,,
1537851448,51.8597790,36.6341210,Лобановка,hamlet,,,
1537851465,51.7798770,36.8846590,Суходол,isolated_dwelling,,,
1537851469,51.8141670,36.9440540,Куликовка,hamlet,,,
1537851477,51.8302960,36.7753110,Кунач,hamlet,,,
1537851478,51.8687900,37.0508270,Полевое,hamlet,,,
1537851481,51.7858240,36.8654330,Озерки,hamlet,,,
1537851484,51.8493350,36.6364360,Охочевка,hamlet,,,
1537851497,51.8532560,37.0402720,Малый Щигорчик,hamlet,,,
1537851504,51.8536950,36.8877980,Козловка,hamlet,,,
1537851508,51.8205340,36.7284470,1-й Патепник,hamlet,,,
1537860341,51.9792590,36.9031980,Коршуновка,hamlet,,,
1537860343,51.9796300,36.9299770,Апухтина,village,,,
1537860344,51.9838030,36.9040570,Зюзинка,hamlet,,,
1537860345,51.9851260,36.9239690,Вышнеольховатое,hamlet,,,
1537860347,51.9817430,36.9423370,Шестаковка,hamlet,,,
1537860352,51.9543760,36.9626810,Рудка,hamlet,,,
1537868239,51.9364470,36.7553670,Петровка,hamlet,,,
1537868244,51.9241910,36.7518810,Маковка,hamlet,,,
1537868246,51.9140780,36.7365150,Лавровка,hamlet,,,
1537868250,51.9116970,36.7394330,Верхняя Гремячка,hamlet,,,
1537868253,51.9177320,36.7507630,Чернявка,village,,,
1537868256,51.9022180,36.7713620,Секачевка,hamlet,,,
1537868280,51.9496420,36.8265530,Кривцовка,village,,,
1537905380,51.9393810,36.8620870,Новоалександровка,hamlet,,,
1537905407,51.9509660,36.8418310,Березовик,hamlet,,,
1537905414,51.9560970,36.8245770,Малая Романовка,hamlet,,,
1537905435,51.9895130,36.8408850,Курская Ольховатка,hamlet,,,
1537905436,51.9131770,36.6333470,Плоскобукреевка,hamlet,,,
1537905454,51.9545630,36.8058660,Большая Романовка,hamlet,,,
1537905470,51.9676250,36.7031900,Поповецкие Выселки,hamlet,,,
1537905474,51.9810030,36.8333320,Илларионовка,hamlet,,,
1537905476,51.9714850,36.8216590,Желябовка,hamlet,,,
1537905483,51.9960140,36.7183190,Желябовка,hamlet,,,
1537905488,51.9844930,36.7217520,Матвеевка,hamlet,,,
1537905489,51.9773560,36.7136000,Карташовка,hamlet,,,
1537905490,51.9802630,36.6876790,Старая Чижовка,hamlet,,,
1537905493,51.9883500,36.7159160,Витчиновка,hamlet,,,
1537905496,51.9909400,36.7113040,Шатиловка,hamlet,,,
1537905499,51.9631310,36.7723080,Дмитриевский,hamlet,,,
1537905506,51.9614370,36.7619210,Первомайский,hamlet,,,
1537905511,51.9861910,36.7542080,Грязное,isolated_dwelling,,,
1537905515,51.9318120,36.8529010,Большая Сергеевка,hamlet,,,
1537905523,51.9364170,36.8517880,Малая Сергеевка,hamlet,,,
1537905536,51.9882430,36.6402130,Новая Слобода,hamlet,,,
1537905539,51.9905700,36.6978070,Пожидаевка,village,,,
1537905543,51.9884030,36.6751480,Струковка,hamlet,,,
1537905632,51.9779360,36.6595270,Новая Чижовка,hamlet,,,
1537905641,51.9770390,36.6396980,Слобода,hamlet,,,
1537905670,51.9673080,36.6176410,Нижнекрасное,hamlet,,,
1537905675,51.9675220,36.6935160,Поповец,hamlet,,,
1537905681,51.9382670,36.6236500,Денисовка,hamlet,,,
1537905682,51.9259380,36.6227040,Струковка,hamlet,,,
1537973743,52.0889820,36.8371960,Заречье,hamlet,,,
1537973747,52.1026385,36.7869837,Логачёвка,hamlet,,,
1537973751,52.0888750,36.8525580,Большой Змеинец,village,,,
1537973764,52.0307730,36.7033000,Моисеевка,hamlet,,,
1537973781,52.0370560,36.7062190,Желябовка,hamlet,,,
1537973784,52.0481380,36.7048000,Нижний Теребуж,village,,,
1537973786,52.0369870,36.7218590,Сербинка,hamlet,,,
1537973797,52.0814930,36.9984700,Рождественское,hamlet,,,
1537973840,52.0800170,36.7124820,Болычевка,hamlet,,,
1537973847,52.0778270,36.7000810,Вышний Теребуж,hamlet,,,
1537973850,52.0674590,36.7010690,Алехина,hamlet,,,
1537973860,52.0555880,36.7015840,Леоновка,hamlet,,,
1537973970,52.0054740,36.7132570,Мазыринский,hamlet,,,
1537973990,52.0073200,36.7711300,Теребуж,hamlet,,,
1537973994,52.0124280,36.7769200,Кашарка,hamlet,,,
1537973999,52.0336800,36.8094710,Касиновка,village,,,
1537974011,52.0255050,36.7035980,Аносовка,hamlet,,,
1537974020,52.0154000,36.7283130,Богородицкое,hamlet,,,
1537974026,52.1400570,36.7671590,Пересуха,hamlet,,,
1537974030,52.0995790,36.7643240,Косоржа,village,,,
1537974117,52.0202640,36.9548680,Соловьёвка,hamlet,,,
1537974126,52.0661930,36.9694600,Никольский,hamlet,,,
1537974128,52.0769540,36.9916040,Чапельник,hamlet,,,
1537974129,52.0206870,36.9330670,Курносовка,hamlet,,,
1537974130,52.0568010,36.9753840,Новодлинная,hamlet,,,
1537974132,52.0627100,36.9565010,Длинная,village,,,
1537974137,52.0663530,36.8268970,Малый Змеинец,hamlet,,,
1537974143,52.0798030,36.8807110,Конопляновка,hamlet,,,
1537974144,52.0841830,36.8824270,Новоселовка,hamlet,,,
1537974146,52.0781710,36.9304920,Репище,hamlet,,,
1537974149,52.0593870,36.7923050,Ачкасово,hamlet,,,
1537974172,52.0938340,36.8680080,Капитоновка,hamlet,,,
1537974228,52.1000020,36.7248420,Шпили,hamlet,,,
1537974242,52.0914610,36.6983220,Толубеевка,hamlet,,,
1537974267,52.0619200,36.7093930,Трифоновка,hamlet,,,
1537974280,52.0203170,36.9102360,Масловка,hamlet,,,
1538029855,52.0128692,37.0885069,1-е Бутырки,hamlet,,,
1538029856,52.1369590,36.1920240,Веселая Роща,hamlet,,,
1538029858,51.8696896,37.3130400,Хворостянка,hamlet,,Черемисиновский район,Курская область
1538029865,51.8569687,37.3161299,Бобровка,hamlet,,Черемисиновский район,Курская область
1538029869,51.9785182,37.3123534,Серединка,hamlet,,,
1538029871,51.9344045,37.2981055,Старые Савины,hamlet,,,
1538069554,51.3097461,36.4903281,Буковище,hamlet,,,
1538095841,51.6405014,34.5913241,2-е Яньково,hamlet,,,
1538095842,51.6753240,34.1815684,Красный Передовик,isolated_dwelling,0,,
1538095844,51.4818850,34.7340176,Слободка,hamlet,,,
1538095846,51.7410092,34.5393107,Нижняя Матвеевка,hamlet,,,
1538095847,51.6598594,34.1975329,Рубежов,hamlet,,,
1538095848,51.5147262,34.5952723,Арсенов,hamlet,,,
1538095849,51.5390763,34.2675708,Старая Николаевка,hamlet,,,
1538095851,51.5069806,34.5836852,Шапошниково,hamlet,,,
1538402746,52.0843580,35.8454729,1-я Чаплыгина,hamlet,,,
1538402748,51.8909132,37.4153322,Расховец,hamlet,,,
1538402749,51.5869598,36.7889238,Кулига,hamlet,,,
1538402750,52.0797928,35.8877016,Аторинка,hamlet,,,
1538402751,51.7225854,34.7080446,Нижний Воронок,isolated_dwelling,,,
1538402753,51.4831969,36.5254665,Семибратский,hamlet,,,
1538402754,51.7341749,37.6401926,Сельцо Грязное,hamlet,,Советский район,Курская область
1538402757,51.5306363,36.6077352,Савинка,hamlet,,,
1538402758,51.6060208,34.6674467,Волынка,hamlet,,,
1538402759,51.5818666,34.6622968,Фонов,hamlet,,,
1538402760,51.7700707,34.6230346,Цуканов,hamlet,,,
1538402762,51.5738657,34.6171928,Трошино,hamlet,,,
1546082195,51.9632570,36.9312100,Осиновка,hamlet,,,
1573734010,51.9538989,38.3886371,Александровка,hamlet,,,
1577088790,51.7459654,38.4807199,Рогачиха,hamlet,,,
1584004509,51.2351473,38.4948260,Скупая Потудань,village,,Нижнедевицкий район,Воронежская область
1593327879,51.6746479,38.4672343,Афонино,hamlet,25,Нижнедевицкий район,Воронежская область
1593327881,51.6658924,38.4446330,Избище,hamlet,,,
1593327890,51.7007664,38.4661467,Проточный,hamlet,15,,
1600197808,51.3843916,38.3123569,Каменный Буерак,hamlet,,Нижнедевицкий район,Воронежская область
1605468250,52.2872524,38.3583633,Харламовка,hamlet,,,
1605468461,52.2260860,38.4432910,Изубриевка Первая,hamlet,,,
1605468511,52.2505040,38.4281460,Меньшой Колодезь,village,,,
1605468523,52.2283978,38.4705862,Большой Колодезь,hamlet,,,
1605468597,52.2944340,38.3990900,Полевой,hamlet,,,
1605468677,52.2565160,38.4971080,Изубриевка Вторая,hamlet,,,
1605468738,52.2504040,38.4819340,Михайловский,hamlet,,,
1605468779,52.2018930,38.4971920,Жемчужникова,hamlet,,,
1605468807,52.2485390,38.4496040,Ивановка 2-я,hamlet,,,
1605468860,52.2552680,38.3918110,Сергиевка Первая,hamlet,,,
1658946187,51.2315313,38.2795933,Новониколаевка,hamlet,131,Старооскольский городской округ,Белгородская область
1659636214,51.3296739,38.3400782,Лебяжье,hamlet,,Нижнедевицкий район,Воронежская область
1659636217,51.2575645,38.2562508,Логвиновка,hamlet,24,Старооскольский городской округ,Белгородская область
1659636218,51.2901819,38.2888746,Пасечный,hamlet,34,Старооскольский городской округ,Белгородская область
1660660144,51.3001595,38.3184662,Фролов,hamlet,5,Нижнедевицкий район,Воронежская область
1662923905,51.3082645,37.5110787,Тёплый Колодезь,village,1123,Губкинский городской округ,Белгородская область
1674485236,52.3308367,34.6649396,Угревище,village,167,,
1801436153,52.4348618,36.3406011,Васильевка,hamlet,,Глазуновский район,Орловская область
1836752530,52.1364541,38.2501405,Плехановка,hamlet,,,
1839628547,51.7274961,35.1132890,Красная Заря,hamlet,,,
1843473521,52.2561429,38.0825072,Грязновка,hamlet,,,
1848389010,52.2557369,34.0213212,Коммуна,hamlet,,Суземский район,Брянская область
1848452841,52.2105455,34.0127591,Зелёный,hamlet,,,
1849087391,52.4688153,36.3575212,Техникумовский,village,,Глазуновский район,Орловская область
1868807688,52.4778355,36.3238856,Кунач,hamlet,,Глазуновский район,Орловская область
1876397222,52.4733709,36.2858470,Кривые Верхи,hamlet,,Глазуновский район,Орловская область
1908087289,51.5782932,37.7372722,Верхняя Клещенка,hamlet,,,
1960170179,52.0572970,37.9449905,Богданова,village,,,
1960170180,52.0641089,38.0281368,Ефимовка,village,,,
1960170181,52.0592573,37.9882684,Казаково,village,,,
1960170182,52.0676354,37.9421609,Новоалексеевка,village,,,
1960170183,52.0551555,37.9882150,Спасское,village,,,
1960205102,51.4883794,35.5308338,Новосергеевка,village,,,
1960300469,52.1421674,37.7976914,Елизаветинка,hamlet,,,
1960300492,52.1261233,37.8063381,Казанка,hamlet,,,
1964287150,51.2020000,37.9167000,Игнатовка,hamlet,57,Старооскольский городской округ,Белгородская область
1968132034,52.1876530,38.2629890,Марьино-Николаевка,village,,,
1975326144,52.3304025,34.5257213,Асовица,village,325,,
1975326148,52.3106762,34.5509555,Голышина,village,281,,
1975357431,52.3462925,34.4222095,Война,hamlet,136,,
1977074668,52.3304836,34.3288135,Кукушкино,village,,,
1981556265,51.6775658,38.3568680,Поляна,hamlet,,Нижнедевицкий район,Воронежская область
1984752240,52.1607656,34.4776344,Пушкарная Слобода,village,103,,
2021069168,51.3380000,38.0203000,Бочаровка,hamlet,56,Старооскольский городской округ,Белгородская область
2021069170,51.3819999,37.8831228,Набокино,hamlet,135,Старооскольский городской округ,Белгородская область
2021069171,51.3428000,38.0527000,Терехово,village,434,,
2021069172,51.2669000,38.0821000,Хорошилово,village,436,Старооскольский городской округ,Белгородская область
2021072555,51.3609323,37.7410378,Липяги,hamlet,19,Старооскольский городской округ,Белгородская область
2023194349,52.0991677,34.3929033,Ивачево,hamlet,84,Севский район,Брянская область
2023194357,52.0571754,34.4739569,Косицы,village,389,Севский район,Брянская область
2023194360,52.0790549,34.4323838,Ручеёк,hamlet,,Севский район,Брянская область
2023194361,52.1148973,34.4361165,Сосница,hamlet,,Севский район,Брянская область
2106272366,51.5257085,37.7882751,Выселки,hamlet,,,
2175393864,51.2746160,37.3925590,Осколец,village,354,Губкинский городской округ,Белгородская область
2261205472,51.2272415,37.3343855,Кладовое,hamlet,258,Губкинский городской округ,Белгородская область
2261205473,51.3060261,37.3120061,Долгое,village,412,Губкинский городской округ,Белгородская область
2261205476,51.2666234,37.3248912,Заломное,village,433,Губкинский городской округ,Белгородская область
2261215679,51.2055213,37.3361350,Роскошный,hamlet,13,Губкинский городской округ,Белгородская область
2262279065,52.0535960,38.0910340,Ожога,village,,,
2262293239,52.0075977,38.0834673,Большовка,hamlet,,Воловский район,Липецкая область
2362830860,51.9932515,38.1875580,Дубровка,hamlet,,Тербунский муниципальный округ,Липецкая область
2362830861,52.0050588,38.0961814,Ленина,hamlet,,Воловский район,Липецкая область
2362832467,52.0202960,38.1264641,Новосёлки,hamlet,,Воловский район,Липецкая область
2389284642,52.4965100,38.2615810,Маяк,village,,,
2392383540,52.4843480,38.2459830,Ильинка,hamlet,,,
2392383562,52.4895440,38.2841490,Липовка,hamlet,,,
2392386397,52.4947130,38.2057270,Выголка,hamlet,,,
2392386400,52.4941940,38.1752510,2-я Набережная,hamlet,,,
2392386410,52.4867100,38.2249370,Маховщина,hamlet,,,
2392386436,52.4871900,38.1534040,Ермолово,hamlet,,,
2392386451,52.4917370,38.1687660,1-я Набережная,hamlet,,,
2392392929,52.4611050,38.1833610,Рог,village,,,
2392392935,52.4400750,38.1973950,Грызлово,village,,,
2392472639,52.4108293,38.2191082,Стрелец,village,,,
2392472640,52.4536090,38.2378010,Котово,hamlet,,,
2392472642,52.4483110,38.2431870,Хитрово,hamlet,,,
2392656199,52.2439889,38.2654238,Ивановка,hamlet,,,
2392656995,52.2425469,38.2575167,Александровка,hamlet,,,
2392657166,52.2383603,38.2652497,Ольшанка 2-я,hamlet,,,
2394694634,52.4185980,38.0452690,Русская Казинка,village,,,
2394694651,52.4325750,38.0476300,Лобовка,hamlet,,,
2394694683,52.2866900,38.2210660,Гущин Колодезь,hamlet,,,
2394694713,52.3794170,38.0503880,Новотроицкое,village,,,
2394694737,52.3163800,38.1852680,Красотыновка,hamlet,,,
2394694739,52.3281400,38.2318230,Богатые Плоты,hamlet,,,
2394694757,52.3942950,38.1089710,Сухой Ольшанец,village,,,
2394694790,52.4136160,38.0666540,Войсковая Казинка,village,,,
2394694801,52.3396870,38.1345480,Красная,hamlet,,,
2394694810,52.3992230,38.0412790,Знаменка,hamlet,,,
2394694827,52.3741393,38.1699431,Вязовое,village,,,
2403627106,52.0968463,38.1385446,Илюхино,hamlet,,,
2403627110,52.0955580,38.1529710,Нагорное,hamlet,,,
2403665259,52.2143906,38.0812755,Давыдовка,hamlet,,,
2404791905,52.1976523,38.2242590,Кургано-Головино,hamlet,,,
2404791906,52.1932958,38.1929781,Петропавловка,hamlet,,,
2404902516,52.1452483,38.1633337,Плотки,village,,,
2404993148,52.2037000,38.1697000,Курганка,hamlet,,,
2405137577,52.1206815,38.1585618,Синий Камень,hamlet,,,
2405258331,52.1049711,38.2053685,Лобановка,hamlet,,,
2405258332,52.1073599,38.2215467,Набоково,hamlet,,,
2406629093,52.3601530,38.2914310,Надеждино,hamlet,,,
2406629122,52.3651050,38.3084680,Красное,hamlet,,,
2407525544,52.4301260,38.3006780,Красное Утро,hamlet,,,
2408674204,52.4790166,38.0573273,Пятницкое,village,,,
2467415573,52.0117440,38.2177662,Барышниково,hamlet,,,
2507655410,51.8636807,34.3681878,Некислица,hamlet,127,,
2559588444,51.3225819,34.3020901,Отруба,hamlet,,,
2562833878,52.2163868,38.2767545,Новая Каменка,hamlet,,,
2592309694,52.4047818,37.9705612,Шереметьево,hamlet,,,
2592309695,52.4350647,37.9892102,Сергиевка,hamlet,,,
2592309696,52.4422811,37.9501194,Володарского,hamlet,,,
2592309697,52.4232330,37.9943080,Лутовка,hamlet,,,
2592309698,52.4195311,37.9320813,Ровенка,village,,,
2594808281,52.4903309,38.0025617,Троицкое,hamlet,,,
2596669677,52.3943060,38.4375040,Петровка,hamlet,,,
2597916180,52.3774720,38.4912640,Кочетовка,hamlet,,,
2600994879,52.3225400,38.3735390,Ивановка,village,,,
2600995063,52.2841990,38.3721280,Суры,hamlet,,,
2601093850,52.2593540,38.3915710,Новинка,hamlet,,,
2619663265,52.4971975,37.9580563,Пречистено,village,,,
2629760273,52.1037450,38.0989150,Малые Борки,hamlet,,Тербунский муниципальный округ,Липецкая область
2629760275,52.1403270,38.0969620,Алешки,hamlet,,,
2629760277,52.1870133,38.0449274,Шпейнарка,hamlet,,,
2629760278,52.1908085,38.0740991,Апухтино,hamlet,,,
2629760279,52.1495705,38.0095008,Большая Ивановка,village,,,
2629760283,52.1463050,38.0543902,Сапрон,hamlet,,,
2629760284,52.1683551,38.0817917,Апросимовка,isolated_dwelling,,,
2629760287,52.2701939,38.0603572,Покровское,village,,,
2629760296,52.1838691,38.0457428,Секирино,hamlet,,,
2629760302,52.1799878,38.0604198,Усть-Юрское,hamlet,,,
2629760303,52.1488331,37.9792884,Багровка,hamlet,,,
2630728322,52.1889515,37.8440876,Юрские Дворы,hamlet,,,
2630728365,52.1670038,37.9052849,Дробышево,hamlet,,,
2630728457,52.1901700,37.8721430,Юрское,village,,,
2630728461,52.1713548,37.8889202,Хитрово,hamlet,,,
2630735703,52.1382765,37.8413840,Мишино,hamlet,,,
2630735712,52.1350500,37.8420000,Маково,hamlet,,,
2630735715,52.0955068,37.8033181,Вислый Колодезь,hamlet,,,
2630735718,52.0959286,37.8279515,Турчаново,hamlet,,,
2630735721,52.1083183,37.8117295,Петровское,hamlet,,,
2630735724,52.1037330,37.8997920,Алексеевка,hamlet,,,
2630735728,52.1026760,37.9600450,Захаровка,village,,,
2630735731,52.0935558,38.0081101,Алексеевка 2-я,hamlet,,,
2630735732,52.1376444,37.8234025,Ломигоры,hamlet,,,
2630735733,52.0980910,38.0459630,Александровка,village,,,
2630735734,52.0947158,38.0517550,Натальевка,village,,,
2630735737,52.1118501,37.9114647,Новая Слободка,hamlet,,,
2630735741,52.0695040,37.8009150,Замарайка,village,,,
2630735744,52.0891524,37.7716465,Красный Луч,hamlet,,,
2630743607,52.0374414,37.7881168,Кшень,hamlet,,,
2630811677,51.9758190,37.8648610,Вышнее Большое,village,,,
2630811678,52.0131610,38.0014460,Красный Уголок,hamlet,,,
2630811679,52.0038363,37.9245340,Воловские Выселки,hamlet,,,
2630811680,51.9927852,37.9062306,Нижнее Большое,village,,,
2630811681,52.0103528,37.9582805,Липовец,hamlet,,,
2630811682,52.0065958,37.9868332,Новопавловка,hamlet,,,
2630811683,52.0052259,37.9616708,Емильевка,hamlet,,,
2630811684,52.0092453,38.0163943,Северный,hamlet,,,
2630811686,52.0108566,38.0380237,Самарино,hamlet,,,
2630927775,52.0216949,37.9679355,Малый Липовчик,hamlet,,,
2630959500,51.9665086,37.9826506,Зелёный Луг,hamlet,,,
2630959516,51.9780354,38.0289563,Васильевка,village,,,
2634949138,52.0477285,38.0947736,Володаровка,hamlet,,,
2634950674,52.0376260,38.0972578,Ивановка,village,,,
2636558393,52.2175144,38.0011438,Пикалово,village,,,
2639338972,52.2106970,38.2071650,Дубовецкий,hamlet,,,
2639339269,52.2093569,38.2308268,Большая Киреевка,hamlet,,,
2639339332,52.2064116,38.2105546,Богатые Плоты,hamlet,,,
2640550822,52.0342774,38.2777386,Князевка,hamlet,,,
2640550840,52.0212400,38.2648104,Даниловка,hamlet,,,
2640567878,51.9756154,38.2908814,Киреевка,hamlet,,,
2640862496,52.1156010,38.4947010,Вторые Тербуны,village,,,
2647163853,52.0757397,37.7706140,Воронцовка,hamlet,,,
2655759486,51.3559541,37.9935393,Курское,village,651,Старооскольский городской округ,Белгородская область
2712801560,52.3560370,35.3124770,Студенок,village,2213,Железногорский район,Курская область
2742470410,52.0728884,38.2708990,Воейково,hamlet,,,
2742470414,52.2464231,38.2250388,Малая Киреевка,isolated_dwelling,,,
2742470417,52.0512977,38.2632266,Олымовка,hamlet,,,
2742470422,52.0755134,38.1939231,Прудки,hamlet,,,
2742470426,52.0986807,38.2953071,Русовка,hamlet,,,
2742470430,52.0796930,38.2381290,Становляновка,hamlet,,,
2742470435,52.1406763,38.3832845,Языково,isolated_dwelling,,,
2768927029,51.5049378,34.7252152,имени Куйбышева,village,,Рыльский район,Курская область
2821854001,51.3138026,38.0063308,Котово,village,944,Старооскольский городской округ,Белгородская область
2854269279,51.2094979,37.5805139,Заповедный,hamlet,165,Губкинский городской округ,Белгородская область
2927659096,51.2196267,37.1135830,Новосёловка,hamlet,66,Губкинский городской округ,Белгородская область
2927659099,51.2148733,37.1191435,Ольшанка-Первая,hamlet,18,Губкинский городской округ,Белгородская область
2938231030,51.2342892,37.2613702,Чапкино,hamlet,241,Губкинский городской округ,Белгородская область
2948735179,51.3224119,37.2585926,Строкино,hamlet,115,Губкинский городской округ,Белгородская область
2952465870,51.2415557,37.4013652,Веселый,hamlet,12,Губкинский городской округ,Белгородская область
2952465871,51.2791485,37.2779273,Вислая Дубрава,village,602,Губкинский городской округ,Белгородская область
2952465872,51.3375353,37.2114861,Гущино,hamlet,243,,
3054263735,52.3072140,34.3405859,Калиновский,hamlet,,,
3090091633,51.3033560,38.2260628,Первомайский,isolated_dwelling,0,Старооскольский городской округ,Белгородская область
3130837100,51.3532599,37.6096477,Казацкая Степь,village,483,Губкинский городской округ,Белгородская область
3135215588,52.4895000,34.7019000,Аркино,hamlet,,,
3135215589,52.3541578,34.3201697,Ходынь,hamlet,,,
3155849755,52.1422133,34.5225187,Юрасов Хутор,village,268,,
3178241311,51.3312207,37.1872429,Гущино,hamlet,251,Губкинский городской округ,Белгородская область
3178241315,51.3644282,37.3813944,Ивановка,village,492,Губкинский городской округ,Белгородская область
3178241316,51.2092506,37.2212642,Ильинка,hamlet,32,Губкинский городской округ,Белгородская область
3178241317,51.2520661,37.4448886,Кандаурово,village,213,Губкинский городской округ,Белгородская область
3178241321,51.2139933,37.1758025,Кретов-Первый,hamlet,27,Губкинский городской округ,Белгородская область
3178241324,51.3057927,37.2231584,Лопухинка,village,241,Губкинский городской округ,Белгородская область
3178241326,51.2637355,37.4342592,Меловой Брод,hamlet,50,Губкинский городской округ,Белгородская область
3178241327,51.3648950,37.4512208,Михайловский,hamlet,42,Губкинский городской округ,Белгородская область
3178241330,51.3478912,37.4251381,Осиновский,hamlet,16,Губкинский городской округ,Белгородская область
3178241331,51.3397815,37.3547844,Панки,hamlet,103,Губкинский городской округ,Белгородская область
3178241332,51.2906276,37.3555927,Петровки,hamlet,190,Губкинский городской округ,Белгородская область
3178241335,51.2360991,37.2034244,Попов Верх,hamlet,24,Губкинский городской округ,Белгородская область
3178241339,51.3164340,37.3697562,Чаплыжный,hamlet,0,Губкинский городской округ,Белгородская область
3203502838,51.8450470,34.2763940,Бачівськ,village,387,,
3209584338,51.9264410,38.0191840,Верхнее Чесночное,village,,,
3386118719,51.5045316,35.6524980,Любимовка,village,,,
3444478238,51.9274588,38.0589464,Нижнее Чесночное,village,,,
3457379511,51.9552367,38.0992304,Бацевка,hamlet,,,
3457379512,51.9301426,37.9747806,Большовские Выселки,hamlet,,,
3457379513,51.9299823,38.0791919,Воловский 2-й,hamlet,,,
3457379514,51.9450949,38.1250286,Воловский 1-й,hamlet,,,
3457379515,51.9281422,37.9938744,Куликовка,village,,,
3457379516,51.9316039,38.1164476,Малая Горчаковка,hamlet,,,
3457379517,51.9479187,38.0942331,Предтечевка,hamlet,,,
3457379518,51.8982885,37.9938580,Сергеевка,isolated_dwelling,,,
3457379519,51.9266413,38.0336703,Южный,hamlet,,,
3461121716,51.9785270,38.1017110,Воздвиженка,hamlet,,,
3461121717,51.9534666,38.1904507,Грачевка,hamlet,,,
3461121718,51.9537752,38.1819900,Княжная,hamlet,,,
3461121719,51.9840624,38.1083949,Литвиновка,hamlet,,,
3461121720,51.9882968,38.1081390,Набережанские Выселки,hamlet,,,
3461121721,51.9377183,38.1741682,Никольское,hamlet,,,
3461121722,51.9467577,38.1857462,Семеновка,hamlet,,,
3464959779,52.1361586,37.9111051,Большая Вершина,hamlet,,,
3464959780,51.9985086,38.1018926,Измалкова,hamlet,,,
3464959781,52.0656976,38.1155257,Никольское 1-е,hamlet,,,
3464959783,51.9355525,38.1325427,Ольховатка,hamlet,,,
3469484140,52.4948730,34.5184060,Каменка,hamlet,1695,,
3469727011,51.5217636,37.4263734,Кулига,hamlet,,,
3558108936,52.2528760,38.4354555,Дмитриевка 1-я,hamlet,,,
3640801748,52.4612690,38.2569160,Агарково,hamlet,,,
3640833697,52.3026430,38.1865160,1-я Ольшанка,hamlet,,,
3640851254,52.3297350,38.0726430,Заречная,hamlet,,,
3640854339,52.3494380,38.1192510,Каменка,hamlet,,,
3641002674,52.3349000,38.3121680,Тимирязевский,hamlet,,,
3641003400,52.3376270,38.3528140,Ильинка,village,,,
3641003713,52.3291320,38.3899880,Екатериновка,village,,,
3836324065,51.9365764,34.4176533,Красный Пахарь,hamlet,,,
3843014179,52.2020000,38.1645000,Курганка,hamlet,,,
3889771918,51.7086470,37.1267749,Забелье,hamlet,,,
4525720836,51.2709410,36.6436953,Луг,village,,,
5207783481,51.6493083,38.4748949,Князев,hamlet,,,
5226555804,52.4026285,34.7573086,Марьинка,village,725,Комаричский район,Брянская область
5274043184,52.2380040,34.6584749,Юпитер,hamlet,,,
5274043185,52.2284500,34.6667147,Тростенчик,hamlet,243,,
5274043187,52.2746241,34.7279656,Малые Прудки,isolated_dwelling,,,
5274043188,52.2294226,34.7265386,Лукинка,hamlet,,,
5274043189,52.3477408,34.7317099,Козинка,hamlet,,,
5274043191,52.2164027,34.6783876,Василёк,hamlet,,,
5274043192,52.2599232,34.7003603,Березовец,hamlet,,,
5274043201,52.4050502,34.7391557,Бочарово,hamlet,95,,
5274043203,52.4401523,34.7709882,Майский,hamlet,,,
5274043212,52.4896795,34.8604774,Робское,hamlet,,,
5274043216,52.4935206,34.7793245,Кокино,village,427,,
5274043219,52.4305306,34.8538684,Захарово,hamlet,,,
5274043220,52.4272859,34.8501348,Лугань,hamlet,,,
5274044121,52.4211882,34.8391056,Солнце,hamlet,,,
5274044122,52.4249830,34.8379898,Зарево,hamlet,,,
5274044123,52.4963490,34.7567135,Дружный,hamlet,,,
5274044127,52.2673104,34.8482144,Соколовский,hamlet,,,
5274044128,52.3196123,34.8904002,Рекорд,hamlet,,,
5274044132,52.2681968,34.7716212,Починок-Алешок,hamlet,,,
5274044134,52.3625730,34.7850430,Надельный,isolated_dwelling,,,
5274044140,52.2915776,34.8780727,Кубань,hamlet,,,
5274044141,52.3793193,34.7924995,Каменец,hamlet,,,
5274044144,52.2230676,34.8083353,Новомихайловский,hamlet,,,
5274044145,52.2240008,34.8291492,Евдокимовка,hamlet,245,,
5274044146,52.2458613,34.8790705,Широкая Лужа,hamlet,,,
5274044147,52.2436606,34.8945093,Дедоводье,hamlet,,,
5274044148,52.2453029,34.7769642,Причиж,hamlet,,,
5274044149,52.2407306,34.7905898,Заречье,hamlet,,,
5274044150,52.2369068,34.8006374,Громыши,isolated_dwelling,,,
5274044151,52.3551461,34.8223042,Глядино,hamlet,,,
5274044152,52.4725601,34.5166397,Тростная,hamlet,,,
5274044153,52.4613243,34.5119083,Пальцо,hamlet,,,
5274044154,52.3523283,34.5805406,Мостечня,hamlet,,,
5274044155,52.3406718,34.5638841,Живой Ключ,hamlet,,,
5274044156,52.4367971,34.5483327,Горки,hamlet,,,
5274044157,52.3141852,34.4913411,Алешок,hamlet,,,
5274044158,52.4428795,34.4921779,Лагеревка,hamlet,235,,
5274044159,52.4483987,34.5187425,Бобрик,hamlet,164,,
5274044167,52.3940919,34.5957970,Козлово,hamlet,,,
5274044168,52.4497196,34.5830726,Зиновкино,hamlet,,,
5274044169,52.4589383,34.5816779,Фроловский,hamlet,,,
5274044170,52.4392694,34.5856261,Соловьёвский,hamlet,,,
5274044171,52.4084865,34.5715552,Шарово,hamlet,209,,
5274044172,52.4750042,34.6370494,Подывановский,hamlet,,,
5274044173,52.4662465,34.5990801,Новолубошево,hamlet,,,
5274044174,52.4740501,34.6461421,Ивановский,hamlet,,,
5274044200,52.4820615,34.5956039,Лубошево,hamlet,,,
5274044201,52.4822445,34.5891022,Добровольская,village,275,,
5274044202,52.4964600,34.6214390,Бугры,hamlet,,,
5279897718,52.2110001,34.4611837,Покровский,hamlet,,,
5279897720,52.2752983,34.4046320,Зеленин,hamlet,,,
5279898822,51.9200531,34.3155695,Ясное Солнце,isolated_dwelling,,,
5279898823,51.8942915,34.2773652,Круглая Поляна,hamlet,,,
5279898824,51.9080345,34.3778729,Хинельский,hamlet,,,
5279898827,51.9026728,34.4313669,Ивановский,isolated_dwelling,,,
5279898828,51.8899414,34.3210637,Заря,hamlet,,,
5279898829,51.8942253,34.3589580,Александровский,hamlet,,,
5279898830,51.8913783,34.3897390,Троебортное,village,151,,
5279898832,52.1383875,34.3660927,Трудовик,hamlet,,,
5279898834,52.1354703,34.4321448,Кудеяр,hamlet,,,
5279898835,52.1640743,34.3954468,Буковище,hamlet,,,
5279898837,52.1211416,34.2672801,Орлия-Слободка,isolated_dwelling,,,
5279898839,52.0871539,34.2841244,Первый,hamlet,,,
5279898840,52.0881955,34.3112039,Поляна,hamlet,,,
5279898841,52.0877341,34.2982650,Второй,hamlet,,,
5279898842,52.1793727,34.6076631,Юшина,hamlet,,,
5279898843,52.1908579,34.5672583,Семёновка,hamlet,,,
5279898844,52.1893057,34.5214784,Новая Улица,hamlet,,,
5279898845,52.1680952,34.5460689,Надежда,hamlet,,,
5279898846,52.2962496,34.5902824,Лепешкина,hamlet,,,
5279898847,52.1756161,34.5690822,Кривцова,hamlet,163,,
5279898848,52.1681807,34.5857978,Земледелец,hamlet,,,
5279898849,52.0034700,34.2180991,Лесничество,hamlet,,,
5279898850,52.0089054,34.3349039,Подлесный,hamlet,,,
5279898852,52.0364159,34.4870281,Малая Витичь,hamlet,,,
5279898853,52.0904369,34.4915557,Липница,hamlet,,,
5279898856,52.0715567,34.6639681,Узлич,isolated_dwelling,,,
5279898858,52.0938777,34.5830297,Сенное,hamlet,189,,
5279898859,52.0746001,34.6803617,Зайцевский,hamlet,,,
5279898860,52.1511867,34.6674871,Гапонова,hamlet,227,,
5279898861,52.1098890,34.7317557,Михайловский,hamlet,,,
5279898862,52.1188291,34.7270212,Берёзовский,hamlet,,,
5279898863,52.1072490,34.6740901,Доброводье,village,420,,
5296002190,51.6333821,35.1971268,Артаково,hamlet,,,
5296002195,51.6360791,35.1875567,Викторовка,hamlet,,,
5592744728,52.3627439,34.5089305,Мартыновка,hamlet,,,
13755763932,51.6354598,35.1673758,Селекционный,village,,,
13783990178,51.7138116,36.3302100,Маршала Жукова,village,4190,Курский район,Курская область
13799662280,52.0549315,37.2953868,Преображенская,hamlet,,,
13807258766,52.4272139,36.3416147,Глазуново,hamlet,,,
13831325175,51.5596938,36.4651600,Полный,hamlet,,,
13831325231,51.5329143,36.4138193,Любицкое,village,,,
